codigo_ponto;url_detalhe;imagem_origem_url;imagem_local;html_local;updated_at_utc
2900001698;https://siagasweb.sgb.gov.br/layout/detalhe.php?ponto=2900001698;;;data/raw/html_pocos/2900001698.html;2026-04-10T17:27:08.382547+00:00
2900001699;https://siagasweb.sgb.gov.br/layout/detalhe.php?ponto=2900001699;;;data/raw/html_pocos/2900001699.html;2026-04-10T17:27:08.779880+00:00
2900023756;https://siagasweb.sgb.gov.br/layout/detalhe.php?ponto=2900023756;;;data/raw/html_pocos/2900023756.html;2026-04-10T17:27:09.183138+00:00
2900030002;https://siagasweb.sgb.gov.br/layout/detalhe.php?ponto=2900030002;;;data/raw/html_pocos/2900030002.html;2026-04-10T17:27:09.572809+00:00
2900031222;https://siagasweb.sgb.gov.br/layout/detalhe.php?ponto=2900031222;;;data/raw/html_pocos/2900031222.html;2026-04-10T17:27:09.959593+00:00
2900033599;https://siagasweb.sgb.gov.br/layout/detalhe.php?ponto=2900033599;;;data/raw/html_pocos/2900033599.html;2026-04-10T17:27:10.353202+00:00
2900033600;https://siagasweb.sgb.gov.br/layout/detalhe.php?ponto=2900033600;;;data/raw/html_pocos/2900033600.html;2026-04-10T17:27:10.745296+00:00
2900033821;https://siagasweb.sgb.gov.br/layout/detalhe.php?ponto=2900033821;;;data/raw/html_pocos/2900033821.html;2026-04-10T17:27:11.148512+00:00
2900033822;https://siagasweb.sgb.gov.br/layout/detalhe.php?ponto=2900033822;;;data/raw/html_pocos/2900033822.html;2026-04-10T17:27:11.548426+00:00
2900033823;https://siagasweb.sgb.gov.br/layout/detalhe.php?ponto=2900033823;;;data/raw/html_pocos/2900033823.html;2026-04-10T17:27:11.949575+00:00
2900033824;https://siagasweb.sgb.gov.br/layout/detalhe.php?ponto=2900033824;;;data/raw/html_pocos/2900033824.html;2026-04-10T17:27:12.350874+00:00
2900033960;https://siagasweb.sgb.gov.br/layout/detalhe.php?ponto=2900033960;;;data/raw/html_pocos/2900033960.html;2026-04-10T17:27:12.773397+00:00
2900000513;https://siagasweb.sgb.gov.br/layout/detalhe.php?ponto=2900000513;;;data/raw/html_pocos/2900000513.html;2026-04-10T17:27:13.168203+00:00
2900001692;https://siagasweb.sgb.gov.br/layout/detalhe.php?ponto=2900001692;;;data/raw/html_pocos/2900001692.html;2026-04-10T17:27:13.569178+00:00
2900008338;https://siagasweb.sgb.gov.br/layout/detalhe.php?ponto=2900008338;;;data/raw/html_pocos/2900008338.html;2026-04-10T17:27:13.968481+00:00
2900008339;https://siagasweb.sgb.gov.br/layout/detalhe.php?ponto=2900008339;;;data/raw/html_pocos/2900008339.html;2026-04-10T17:27:14.362835+00:00
2900008340;https://siagasweb.sgb.gov.br/layout/detalhe.php?ponto=2900008340;;;data/raw/html_pocos/2900008340.html;2026-04-10T17:27:14.758170+00:00
2900008342;https://siagasweb.sgb.gov.br/layout/detalhe.php?ponto=2900008342;;;data/raw/html_pocos/2900008342.html;2026-04-10T17:27:15.151417+00:00
2900008343;https://siagasweb.sgb.gov.br/layout/detalhe.php?ponto=2900008343;;;data/raw/html_pocos/2900008343.html;2026-04-10T17:27:15.544637+00:00
2900008344;https://siagasweb.sgb.gov.br/layout/detalhe.php?ponto=2900008344;;;data/raw/html_pocos/2900008344.html;2026-04-10T17:27:15.942709+00:00
2900008346;https://siagasweb.sgb.gov.br/layout/detalhe.php?ponto=2900008346;;;data/raw/html_pocos/2900008346.html;2026-04-10T17:27:16.340267+00:00
2900008347;https://siagasweb.sgb.gov.br/layout/detalhe.php?ponto=2900008347;;;data/raw/html_pocos/2900008347.html;2026-04-10T17:27:16.740484+00:00
2900008349;https://siagasweb.sgb.gov.br/layout/detalhe.php?ponto=2900008349;;;data/raw/html_pocos/2900008349.html;2026-04-10T17:27:17.138035+00:00
2900008351;https://siagasweb.sgb.gov.br/layout/detalhe.php?ponto=2900008351;;;data/raw/html_pocos/2900008351.html;2026-04-10T17:27:17.536877+00:00
2900008353;https://siagasweb.sgb.gov.br/layout/detalhe.php?ponto=2900008353;;;data/raw/html_pocos/2900008353.html;2026-04-10T17:27:17.934624+00:00
2900008354;https://siagasweb.sgb.gov.br/layout/detalhe.php?ponto=2900008354;;;data/raw/html_pocos/2900008354.html;2026-04-10T17:27:18.334505+00:00
2900008356;https://siagasweb.sgb.gov.br/layout/detalhe.php?ponto=2900008356;;;data/raw/html_pocos/2900008356.html;2026-04-10T17:27:18.732003+00:00
2900008358;https://siagasweb.sgb.gov.br/layout/detalhe.php?ponto=2900008358;;;data/raw/html_pocos/2900008358.html;2026-04-10T17:27:19.129099+00:00
2900008364;https://siagasweb.sgb.gov.br/layout/detalhe.php?ponto=2900008364;;;data/raw/html_pocos/2900008364.html;2026-04-10T17:27:19.525541+00:00
2900008365;https://siagasweb.sgb.gov.br/layout/detalhe.php?ponto=2900008365;;;data/raw/html_pocos/2900008365.html;2026-04-10T17:27:19.925649+00:00
2900008366;https://siagasweb.sgb.gov.br/layout/detalhe.php?ponto=2900008366;;;data/raw/html_pocos/2900008366.html;2026-04-10T17:27:20.323759+00:00
2900008410;https://siagasweb.sgb.gov.br/layout/detalhe.php?ponto=2900008410;;;data/raw/html_pocos/2900008410.html;2026-04-10T17:27:20.723372+00:00
2900023894;https://siagasweb.sgb.gov.br/layout/detalhe.php?ponto=2900023894;;;data/raw/html_pocos/2900023894.html;2026-04-10T17:27:21.124006+00:00
2900029977;https://siagasweb.sgb.gov.br/layout/detalhe.php?ponto=2900029977;;;data/raw/html_pocos/2900029977.html;2026-04-10T17:27:21.540906+00:00
2900031645;https://siagasweb.sgb.gov.br/layout/detalhe.php?ponto=2900031645;;;data/raw/html_pocos/2900031645.html;2026-04-10T17:27:21.931466+00:00
2900000508;https://siagasweb.sgb.gov.br/layout/detalhe.php?ponto=2900000508;;;data/raw/html_pocos/2900000508.html;2026-04-10T17:27:22.327844+00:00
2900004002;https://siagasweb.sgb.gov.br/layout/detalhe.php?ponto=2900004002;;;data/raw/html_pocos/2900004002.html;2026-04-10T17:27:22.722872+00:00
2900005367;https://siagasweb.sgb.gov.br/layout/detalhe.php?ponto=2900005367;;;data/raw/html_pocos/2900005367.html;2026-04-10T17:27:23.119794+00:00
2900005368;https://siagasweb.sgb.gov.br/layout/detalhe.php?ponto=2900005368;;;data/raw/html_pocos/2900005368.html;2026-04-10T17:27:23.511243+00:00
2900005369;https://siagasweb.sgb.gov.br/layout/detalhe.php?ponto=2900005369;;;data/raw/html_pocos/2900005369.html;2026-04-10T17:27:23.904487+00:00
2900005370;https://siagasweb.sgb.gov.br/layout/detalhe.php?ponto=2900005370;;;data/raw/html_pocos/2900005370.html;2026-04-10T17:27:24.301132+00:00
2900005371;https://siagasweb.sgb.gov.br/layout/detalhe.php?ponto=2900005371;;;data/raw/html_pocos/2900005371.html;2026-04-10T17:27:24.697543+00:00
2900005377;https://siagasweb.sgb.gov.br/layout/detalhe.php?ponto=2900005377;;;data/raw/html_pocos/2900005377.html;2026-04-10T17:27:25.093690+00:00
2900008369;https://siagasweb.sgb.gov.br/layout/detalhe.php?ponto=2900008369;;;data/raw/html_pocos/2900008369.html;2026-04-10T17:27:25.491466+00:00
2900013535;https://siagasweb.sgb.gov.br/layout/detalhe.php?ponto=2900013535;;;data/raw/html_pocos/2900013535.html;2026-04-10T17:27:25.885136+00:00
2900013540;https://siagasweb.sgb.gov.br/layout/detalhe.php?ponto=2900013540;;;data/raw/html_pocos/2900013540.html;2026-04-10T17:27:26.287560+00:00
2900013575;https://siagasweb.sgb.gov.br/layout/detalhe.php?ponto=2900013575;;;data/raw/html_pocos/2900013575.html;2026-04-10T17:27:26.687514+00:00
2900013581;https://siagasweb.sgb.gov.br/layout/detalhe.php?ponto=2900013581;;;data/raw/html_pocos/2900013581.html;2026-04-10T17:27:27.081882+00:00
2900013637;https://siagasweb.sgb.gov.br/layout/detalhe.php?ponto=2900013637;;;data/raw/html_pocos/2900013637.html;2026-04-10T17:27:27.473866+00:00
2900013639;https://siagasweb.sgb.gov.br/layout/detalhe.php?ponto=2900013639;;;data/raw/html_pocos/2900013639.html;2026-04-10T17:27:27.869559+00:00
2900013642;https://siagasweb.sgb.gov.br/layout/detalhe.php?ponto=2900013642;;;data/raw/html_pocos/2900013642.html;2026-04-10T17:27:28.271159+00:00
2900022532;https://siagasweb.sgb.gov.br/layout/detalhe.php?ponto=2900022532;;;data/raw/html_pocos/2900022532.html;2026-04-10T17:27:28.670580+00:00
2900022533;https://siagasweb.sgb.gov.br/layout/detalhe.php?ponto=2900022533;;;data/raw/html_pocos/2900022533.html;2026-04-10T17:27:29.067229+00:00
2900022541;https://siagasweb.sgb.gov.br/layout/detalhe.php?ponto=2900022541;;;data/raw/html_pocos/2900022541.html;2026-04-10T17:27:29.465544+00:00
2900022542;https://siagasweb.sgb.gov.br/layout/detalhe.php?ponto=2900022542;;;data/raw/html_pocos/2900022542.html;2026-04-10T17:27:29.863946+00:00
2900023526;https://siagasweb.sgb.gov.br/layout/detalhe.php?ponto=2900023526;;;data/raw/html_pocos/2900023526.html;2026-04-10T17:27:30.298134+00:00
2900023527;https://siagasweb.sgb.gov.br/layout/detalhe.php?ponto=2900023527;;;data/raw/html_pocos/2900023527.html;2026-04-10T17:27:30.700491+00:00
2900023528;https://siagasweb.sgb.gov.br/layout/detalhe.php?ponto=2900023528;;;data/raw/html_pocos/2900023528.html;2026-04-10T17:27:31.101198+00:00
2900023530;https://siagasweb.sgb.gov.br/layout/detalhe.php?ponto=2900023530;;;data/raw/html_pocos/2900023530.html;2026-04-10T17:27:31.508070+00:00
2900024315;https://siagasweb.sgb.gov.br/layout/detalhe.php?ponto=2900024315;;;data/raw/html_pocos/2900024315.html;2026-04-10T17:27:31.908826+00:00
2900024631;https://siagasweb.sgb.gov.br/layout/detalhe.php?ponto=2900024631;;;data/raw/html_pocos/2900024631.html;2026-04-10T17:27:32.309510+00:00
2900024634;https://siagasweb.sgb.gov.br/layout/detalhe.php?ponto=2900024634;;;data/raw/html_pocos/2900024634.html;2026-04-10T17:27:32.707897+00:00
2900024638;https://siagasweb.sgb.gov.br/layout/detalhe.php?ponto=2900024638;;;data/raw/html_pocos/2900024638.html;2026-04-10T17:27:33.109603+00:00
2900024643;https://siagasweb.sgb.gov.br/layout/detalhe.php?ponto=2900024643;;;data/raw/html_pocos/2900024643.html;2026-04-10T17:27:33.508859+00:00
2900024646;https://siagasweb.sgb.gov.br/layout/detalhe.php?ponto=2900024646;;;data/raw/html_pocos/2900024646.html;2026-04-10T17:27:33.922184+00:00
2900024648;https://siagasweb.sgb.gov.br/layout/detalhe.php?ponto=2900024648;;;data/raw/html_pocos/2900024648.html;2026-04-10T17:27:34.323681+00:00
2900026223;https://siagasweb.sgb.gov.br/layout/detalhe.php?ponto=2900026223;;;data/raw/html_pocos/2900026223.html;2026-04-10T17:27:34.720358+00:00
2900027560;https://siagasweb.sgb.gov.br/layout/detalhe.php?ponto=2900027560;;;data/raw/html_pocos/2900027560.html;2026-04-10T17:27:35.119891+00:00
2900028998;https://siagasweb.sgb.gov.br/layout/detalhe.php?ponto=2900028998;;;data/raw/html_pocos/2900028998.html;2026-04-10T17:27:35.511027+00:00
2900028999;https://siagasweb.sgb.gov.br/layout/detalhe.php?ponto=2900028999;;;data/raw/html_pocos/2900028999.html;2026-04-10T17:27:35.901355+00:00
2900029000;https://siagasweb.sgb.gov.br/layout/detalhe.php?ponto=2900029000;;;data/raw/html_pocos/2900029000.html;2026-04-10T17:27:36.292982+00:00
2900029001;https://siagasweb.sgb.gov.br/layout/detalhe.php?ponto=2900029001;;;data/raw/html_pocos/2900029001.html;2026-04-10T17:27:36.682130+00:00
2900029276;https://siagasweb.sgb.gov.br/layout/detalhe.php?ponto=2900029276;;;data/raw/html_pocos/2900029276.html;2026-04-10T17:27:37.076666+00:00
2900031559;https://siagasweb.sgb.gov.br/layout/detalhe.php?ponto=2900031559;;;data/raw/html_pocos/2900031559.html;2026-04-10T17:27:37.471012+00:00
2900035436;https://siagasweb.sgb.gov.br/layout/detalhe.php?ponto=2900035436;;;data/raw/html_pocos/2900035436.html;2026-04-10T17:27:37.864458+00:00
2900001134;https://siagasweb.sgb.gov.br/layout/detalhe.php?ponto=2900001134;;;data/raw/html_pocos/2900001134.html;2026-04-10T17:27:38.256391+00:00
2900009158;https://siagasweb.sgb.gov.br/layout/detalhe.php?ponto=2900009158;;;data/raw/html_pocos/2900009158.html;2026-04-10T17:27:38.688135+00:00
2900009159;https://siagasweb.sgb.gov.br/layout/detalhe.php?ponto=2900009159;;;data/raw/html_pocos/2900009159.html;2026-04-10T17:27:39.086435+00:00
2900009160;https://siagasweb.sgb.gov.br/layout/detalhe.php?ponto=2900009160;;;data/raw/html_pocos/2900009160.html;2026-04-10T17:27:39.489502+00:00
2900009161;https://siagasweb.sgb.gov.br/layout/detalhe.php?ponto=2900009161;;;data/raw/html_pocos/2900009161.html;2026-04-10T17:27:39.891898+00:00
2900009162;https://siagasweb.sgb.gov.br/layout/detalhe.php?ponto=2900009162;;;data/raw/html_pocos/2900009162.html;2026-04-10T17:27:40.292230+00:00
2900009163;https://siagasweb.sgb.gov.br/layout/detalhe.php?ponto=2900009163;;;data/raw/html_pocos/2900009163.html;2026-04-10T17:27:40.687803+00:00
2900009164;https://siagasweb.sgb.gov.br/layout/detalhe.php?ponto=2900009164;;;data/raw/html_pocos/2900009164.html;2026-04-10T17:27:41.087697+00:00
2900009165;https://siagasweb.sgb.gov.br/layout/detalhe.php?ponto=2900009165;;;data/raw/html_pocos/2900009165.html;2026-04-10T17:27:41.483202+00:00
2900009166;https://siagasweb.sgb.gov.br/layout/detalhe.php?ponto=2900009166;;;data/raw/html_pocos/2900009166.html;2026-04-10T17:27:41.883361+00:00
2900009167;https://siagasweb.sgb.gov.br/layout/detalhe.php?ponto=2900009167;;;data/raw/html_pocos/2900009167.html;2026-04-10T17:27:42.282545+00:00
2900009168;https://siagasweb.sgb.gov.br/layout/detalhe.php?ponto=2900009168;;;data/raw/html_pocos/2900009168.html;2026-04-10T17:27:42.681911+00:00
2900009169;https://siagasweb.sgb.gov.br/layout/detalhe.php?ponto=2900009169;;;data/raw/html_pocos/2900009169.html;2026-04-10T17:27:43.083415+00:00
2900009170;https://siagasweb.sgb.gov.br/layout/detalhe.php?ponto=2900009170;;;data/raw/html_pocos/2900009170.html;2026-04-10T17:27:43.481492+00:00
2900009171;https://siagasweb.sgb.gov.br/layout/detalhe.php?ponto=2900009171;;;data/raw/html_pocos/2900009171.html;2026-04-10T17:27:43.880254+00:00
2900009172;https://siagasweb.sgb.gov.br/layout/detalhe.php?ponto=2900009172;;;data/raw/html_pocos/2900009172.html;2026-04-10T17:27:44.283090+00:00
2900009173;https://siagasweb.sgb.gov.br/layout/detalhe.php?ponto=2900009173;;;data/raw/html_pocos/2900009173.html;2026-04-10T17:27:44.684235+00:00
2900009174;https://siagasweb.sgb.gov.br/layout/detalhe.php?ponto=2900009174;;;data/raw/html_pocos/2900009174.html;2026-04-10T17:27:45.083135+00:00
2900009175;https://siagasweb.sgb.gov.br/layout/detalhe.php?ponto=2900009175;;;data/raw/html_pocos/2900009175.html;2026-04-10T17:27:45.481680+00:00
2900009176;https://siagasweb.sgb.gov.br/layout/detalhe.php?ponto=2900009176;;;data/raw/html_pocos/2900009176.html;2026-04-10T17:27:45.874948+00:00
2900009177;https://siagasweb.sgb.gov.br/layout/detalhe.php?ponto=2900009177;;;data/raw/html_pocos/2900009177.html;2026-04-10T17:27:46.274318+00:00
2900009178;https://siagasweb.sgb.gov.br/layout/detalhe.php?ponto=2900009178;;;data/raw/html_pocos/2900009178.html;2026-04-10T17:27:46.672856+00:00
2900009179;https://siagasweb.sgb.gov.br/layout/detalhe.php?ponto=2900009179;;;data/raw/html_pocos/2900009179.html;2026-04-10T17:27:47.108014+00:00
2900009180;https://siagasweb.sgb.gov.br/layout/detalhe.php?ponto=2900009180;;;data/raw/html_pocos/2900009180.html;2026-04-10T17:27:47.501827+00:00
2900013635;https://siagasweb.sgb.gov.br/layout/detalhe.php?ponto=2900013635;;;data/raw/html_pocos/2900013635.html;2026-04-10T17:27:47.896555+00:00
2900026934;https://siagasweb.sgb.gov.br/layout/detalhe.php?ponto=2900026934;;;data/raw/html_pocos/2900026934.html;2026-04-10T17:27:48.293593+00:00
2900026935;https://siagasweb.sgb.gov.br/layout/detalhe.php?ponto=2900026935;;;data/raw/html_pocos/2900026935.html;2026-04-10T17:27:48.687058+00:00
2900026936;https://siagasweb.sgb.gov.br/layout/detalhe.php?ponto=2900026936;;;data/raw/html_pocos/2900026936.html;2026-04-10T17:27:49.105948+00:00
2900026937;https://siagasweb.sgb.gov.br/layout/detalhe.php?ponto=2900026937;;;data/raw/html_pocos/2900026937.html;2026-04-10T17:27:49.513627+00:00
2900026938;https://siagasweb.sgb.gov.br/layout/detalhe.php?ponto=2900026938;;;data/raw/html_pocos/2900026938.html;2026-04-10T17:27:49.918262+00:00
2900026939;https://siagasweb.sgb.gov.br/layout/detalhe.php?ponto=2900026939;;;data/raw/html_pocos/2900026939.html;2026-04-10T17:27:50.324497+00:00
2900031107;https://siagasweb.sgb.gov.br/layout/detalhe.php?ponto=2900031107;;;data/raw/html_pocos/2900031107.html;2026-04-10T17:27:50.716527+00:00
2900031108;https://siagasweb.sgb.gov.br/layout/detalhe.php?ponto=2900031108;;;data/raw/html_pocos/2900031108.html;2026-04-10T17:27:51.115935+00:00
2900031109;https://siagasweb.sgb.gov.br/layout/detalhe.php?ponto=2900031109;;;data/raw/html_pocos/2900031109.html;2026-04-10T17:27:51.506113+00:00
2900031110;https://siagasweb.sgb.gov.br/layout/detalhe.php?ponto=2900031110;;;data/raw/html_pocos/2900031110.html;2026-04-10T17:27:51.920532+00:00
2900031111;https://siagasweb.sgb.gov.br/layout/detalhe.php?ponto=2900031111;;;data/raw/html_pocos/2900031111.html;2026-04-10T17:27:52.323831+00:00
2900031112;https://siagasweb.sgb.gov.br/layout/detalhe.php?ponto=2900031112;;;data/raw/html_pocos/2900031112.html;2026-04-10T17:27:52.726058+00:00
2900031768;https://siagasweb.sgb.gov.br/layout/detalhe.php?ponto=2900031768;;;data/raw/html_pocos/2900031768.html;2026-04-10T17:27:53.129096+00:00
2900031769;https://siagasweb.sgb.gov.br/layout/detalhe.php?ponto=2900031769;;;data/raw/html_pocos/2900031769.html;2026-04-10T17:27:53.536692+00:00
2900031770;https://siagasweb.sgb.gov.br/layout/detalhe.php?ponto=2900031770;;;data/raw/html_pocos/2900031770.html;2026-04-10T17:27:53.933140+00:00
2900031771;https://siagasweb.sgb.gov.br/layout/detalhe.php?ponto=2900031771;;;data/raw/html_pocos/2900031771.html;2026-04-10T17:27:54.329241+00:00
2900031772;https://siagasweb.sgb.gov.br/layout/detalhe.php?ponto=2900031772;;;data/raw/html_pocos/2900031772.html;2026-04-10T17:27:54.728860+00:00
2900032223;https://siagasweb.sgb.gov.br/layout/detalhe.php?ponto=2900032223;;;data/raw/html_pocos/2900032223.html;2026-04-10T17:27:55.122154+00:00
2900032634;https://siagasweb.sgb.gov.br/layout/detalhe.php?ponto=2900032634;;;data/raw/html_pocos/2900032634.html;2026-04-10T17:27:55.515500+00:00
2900032638;https://siagasweb.sgb.gov.br/layout/detalhe.php?ponto=2900032638;;;data/raw/html_pocos/2900032638.html;2026-04-10T17:27:55.943780+00:00
2900032639;https://siagasweb.sgb.gov.br/layout/detalhe.php?ponto=2900032639;;;data/raw/html_pocos/2900032639.html;2026-04-10T17:27:56.333812+00:00
2900033733;https://siagasweb.sgb.gov.br/layout/detalhe.php?ponto=2900033733;;;data/raw/html_pocos/2900033733.html;2026-04-10T17:27:56.723833+00:00
2900033942;https://siagasweb.sgb.gov.br/layout/detalhe.php?ponto=2900033942;;;data/raw/html_pocos/2900033942.html;2026-04-10T17:27:57.123725+00:00
2900033943;https://siagasweb.sgb.gov.br/layout/detalhe.php?ponto=2900033943;;;data/raw/html_pocos/2900033943.html;2026-04-10T17:27:57.523588+00:00
2900033944;https://siagasweb.sgb.gov.br/layout/detalhe.php?ponto=2900033944;;;data/raw/html_pocos/2900033944.html;2026-04-10T17:27:57.918245+00:00
2900033945;https://siagasweb.sgb.gov.br/layout/detalhe.php?ponto=2900033945;;;data/raw/html_pocos/2900033945.html;2026-04-10T17:27:58.314063+00:00
2900033946;https://siagasweb.sgb.gov.br/layout/detalhe.php?ponto=2900033946;;;data/raw/html_pocos/2900033946.html;2026-04-10T17:27:58.710631+00:00
2900033947;https://siagasweb.sgb.gov.br/layout/detalhe.php?ponto=2900033947;;;data/raw/html_pocos/2900033947.html;2026-04-10T17:27:59.108089+00:00
2900033948;https://siagasweb.sgb.gov.br/layout/detalhe.php?ponto=2900033948;;;data/raw/html_pocos/2900033948.html;2026-04-10T17:27:59.508707+00:00
2900034848;https://siagasweb.sgb.gov.br/layout/detalhe.php?ponto=2900034848;;;data/raw/html_pocos/2900034848.html;2026-04-10T17:27:59.909997+00:00
2900034849;https://siagasweb.sgb.gov.br/layout/detalhe.php?ponto=2900034849;;;data/raw/html_pocos/2900034849.html;2026-04-10T17:28:00.312866+00:00
2900035630;https://siagasweb.sgb.gov.br/layout/detalhe.php?ponto=2900035630;;;data/raw/html_pocos/2900035630.html;2026-04-10T17:28:00.704831+00:00
2900035631;https://siagasweb.sgb.gov.br/layout/detalhe.php?ponto=2900035631;;;data/raw/html_pocos/2900035631.html;2026-04-10T17:28:01.117593+00:00
2900035679;https://siagasweb.sgb.gov.br/layout/detalhe.php?ponto=2900035679;;;data/raw/html_pocos/2900035679.html;2026-04-10T17:28:01.527104+00:00
2900035680;https://siagasweb.sgb.gov.br/layout/detalhe.php?ponto=2900035680;;;data/raw/html_pocos/2900035680.html;2026-04-10T17:28:01.933858+00:00
2900001170;https://siagasweb.sgb.gov.br/layout/detalhe.php?ponto=2900001170;;;data/raw/html_pocos/2900001170.html;2026-04-10T17:28:02.332337+00:00
2900001523;https://siagasweb.sgb.gov.br/layout/detalhe.php?ponto=2900001523;;;data/raw/html_pocos/2900001523.html;2026-04-10T17:28:02.744217+00:00
2900005856;https://siagasweb.sgb.gov.br/layout/detalhe.php?ponto=2900005856;;;data/raw/html_pocos/2900005856.html;2026-04-10T17:28:03.148147+00:00
2900006112;https://siagasweb.sgb.gov.br/layout/detalhe.php?ponto=2900006112;;;data/raw/html_pocos/2900006112.html;2026-04-10T17:28:03.545369+00:00
2900007563;https://siagasweb.sgb.gov.br/layout/detalhe.php?ponto=2900007563;;;data/raw/html_pocos/2900007563.html;2026-04-10T17:28:03.941235+00:00
2900007564;https://siagasweb.sgb.gov.br/layout/detalhe.php?ponto=2900007564;;;data/raw/html_pocos/2900007564.html;2026-04-10T17:28:04.339419+00:00
2900007565;https://siagasweb.sgb.gov.br/layout/detalhe.php?ponto=2900007565;;;data/raw/html_pocos/2900007565.html;2026-04-10T17:28:04.737776+00:00
2900007566;https://siagasweb.sgb.gov.br/layout/detalhe.php?ponto=2900007566;;;data/raw/html_pocos/2900007566.html;2026-04-10T17:28:05.172836+00:00
2900007567;https://siagasweb.sgb.gov.br/layout/detalhe.php?ponto=2900007567;;;data/raw/html_pocos/2900007567.html;2026-04-10T17:28:05.575852+00:00
2900007568;https://siagasweb.sgb.gov.br/layout/detalhe.php?ponto=2900007568;;;data/raw/html_pocos/2900007568.html;2026-04-10T17:28:05.980201+00:00
2900007569;https://siagasweb.sgb.gov.br/layout/detalhe.php?ponto=2900007569;;;data/raw/html_pocos/2900007569.html;2026-04-10T17:28:06.381490+00:00
2900007570;https://siagasweb.sgb.gov.br/layout/detalhe.php?ponto=2900007570;;;data/raw/html_pocos/2900007570.html;2026-04-10T17:28:06.778296+00:00
2900007571;https://siagasweb.sgb.gov.br/layout/detalhe.php?ponto=2900007571;;;data/raw/html_pocos/2900007571.html;2026-04-10T17:28:07.177501+00:00
2900007572;https://siagasweb.sgb.gov.br/layout/detalhe.php?ponto=2900007572;;;data/raw/html_pocos/2900007572.html;2026-04-10T17:28:07.578741+00:00
2900007573;https://siagasweb.sgb.gov.br/layout/detalhe.php?ponto=2900007573;;;data/raw/html_pocos/2900007573.html;2026-04-10T17:28:07.979255+00:00
2900007574;https://siagasweb.sgb.gov.br/layout/detalhe.php?ponto=2900007574;;;data/raw/html_pocos/2900007574.html;2026-04-10T17:28:08.380052+00:00
2900007575;https://siagasweb.sgb.gov.br/layout/detalhe.php?ponto=2900007575;;;data/raw/html_pocos/2900007575.html;2026-04-10T17:28:08.785273+00:00
2900007576;https://siagasweb.sgb.gov.br/layout/detalhe.php?ponto=2900007576;;;data/raw/html_pocos/2900007576.html;2026-04-10T17:28:09.185349+00:00
2900007577;https://siagasweb.sgb.gov.br/layout/detalhe.php?ponto=2900007577;;;data/raw/html_pocos/2900007577.html;2026-04-10T17:28:09.591571+00:00
2900007578;https://siagasweb.sgb.gov.br/layout/detalhe.php?ponto=2900007578;;;data/raw/html_pocos/2900007578.html;2026-04-10T17:28:09.988682+00:00
2900007579;https://siagasweb.sgb.gov.br/layout/detalhe.php?ponto=2900007579;;;data/raw/html_pocos/2900007579.html;2026-04-10T17:28:10.387464+00:00
2900007580;https://siagasweb.sgb.gov.br/layout/detalhe.php?ponto=2900007580;;;data/raw/html_pocos/2900007580.html;2026-04-10T17:28:10.784138+00:00
2900007581;https://siagasweb.sgb.gov.br/layout/detalhe.php?ponto=2900007581;;;data/raw/html_pocos/2900007581.html;2026-04-10T17:28:11.181391+00:00
2900007582;https://siagasweb.sgb.gov.br/layout/detalhe.php?ponto=2900007582;;;data/raw/html_pocos/2900007582.html;2026-04-10T17:28:11.582798+00:00
2900007583;https://siagasweb.sgb.gov.br/layout/detalhe.php?ponto=2900007583;;;data/raw/html_pocos/2900007583.html;2026-04-10T17:28:11.985574+00:00
2900007584;https://siagasweb.sgb.gov.br/layout/detalhe.php?ponto=2900007584;;;data/raw/html_pocos/2900007584.html;2026-04-10T17:28:12.382510+00:00
2900007585;https://siagasweb.sgb.gov.br/layout/detalhe.php?ponto=2900007585;;;data/raw/html_pocos/2900007585.html;2026-04-10T17:28:12.780397+00:00
2900007586;https://siagasweb.sgb.gov.br/layout/detalhe.php?ponto=2900007586;;;data/raw/html_pocos/2900007586.html;2026-04-10T17:28:13.178501+00:00
2900007587;https://siagasweb.sgb.gov.br/layout/detalhe.php?ponto=2900007587;;;data/raw/html_pocos/2900007587.html;2026-04-10T17:28:13.615426+00:00
2900007588;https://siagasweb.sgb.gov.br/layout/detalhe.php?ponto=2900007588;;;data/raw/html_pocos/2900007588.html;2026-04-10T17:28:14.011071+00:00
2900007589;https://siagasweb.sgb.gov.br/layout/detalhe.php?ponto=2900007589;;;data/raw/html_pocos/2900007589.html;2026-04-10T17:28:14.409458+00:00
2900007590;https://siagasweb.sgb.gov.br/layout/detalhe.php?ponto=2900007590;;;data/raw/html_pocos/2900007590.html;2026-04-10T17:28:14.811498+00:00
2900007591;https://siagasweb.sgb.gov.br/layout/detalhe.php?ponto=2900007591;;;data/raw/html_pocos/2900007591.html;2026-04-10T17:28:15.218817+00:00
2900007592;https://siagasweb.sgb.gov.br/layout/detalhe.php?ponto=2900007592;;;data/raw/html_pocos/2900007592.html;2026-04-10T17:28:15.612690+00:00
2900007593;https://siagasweb.sgb.gov.br/layout/detalhe.php?ponto=2900007593;;;data/raw/html_pocos/2900007593.html;2026-04-10T17:28:16.016796+00:00
2900007594;https://siagasweb.sgb.gov.br/layout/detalhe.php?ponto=2900007594;;;data/raw/html_pocos/2900007594.html;2026-04-10T17:28:16.418597+00:00
2900007595;https://siagasweb.sgb.gov.br/layout/detalhe.php?ponto=2900007595;;;data/raw/html_pocos/2900007595.html;2026-04-10T17:28:16.816941+00:00
2900007596;https://siagasweb.sgb.gov.br/layout/detalhe.php?ponto=2900007596;;;data/raw/html_pocos/2900007596.html;2026-04-10T17:28:17.213754+00:00
2900007597;https://siagasweb.sgb.gov.br/layout/detalhe.php?ponto=2900007597;;;data/raw/html_pocos/2900007597.html;2026-04-10T17:28:17.612053+00:00
2900007598;https://siagasweb.sgb.gov.br/layout/detalhe.php?ponto=2900007598;;;data/raw/html_pocos/2900007598.html;2026-04-10T17:28:18.010190+00:00
2900007599;https://siagasweb.sgb.gov.br/layout/detalhe.php?ponto=2900007599;;;data/raw/html_pocos/2900007599.html;2026-04-10T17:28:18.408038+00:00
2900007600;https://siagasweb.sgb.gov.br/layout/detalhe.php?ponto=2900007600;;;data/raw/html_pocos/2900007600.html;2026-04-10T17:28:18.808554+00:00
2900007601;https://siagasweb.sgb.gov.br/layout/detalhe.php?ponto=2900007601;;;data/raw/html_pocos/2900007601.html;2026-04-10T17:28:19.207484+00:00
2900007602;https://siagasweb.sgb.gov.br/layout/detalhe.php?ponto=2900007602;;;data/raw/html_pocos/2900007602.html;2026-04-10T17:28:19.607435+00:00
2900007853;https://siagasweb.sgb.gov.br/layout/detalhe.php?ponto=2900007853;;;data/raw/html_pocos/2900007853.html;2026-04-10T17:28:20.001238+00:00
2900007854;https://siagasweb.sgb.gov.br/layout/detalhe.php?ponto=2900007854;;;data/raw/html_pocos/2900007854.html;2026-04-10T17:28:20.401728+00:00
2900007855;https://siagasweb.sgb.gov.br/layout/detalhe.php?ponto=2900007855;;;data/raw/html_pocos/2900007855.html;2026-04-10T17:28:20.800990+00:00
2900007856;https://siagasweb.sgb.gov.br/layout/detalhe.php?ponto=2900007856;;;data/raw/html_pocos/2900007856.html;2026-04-10T17:28:21.200677+00:00
2900007857;https://siagasweb.sgb.gov.br/layout/detalhe.php?ponto=2900007857;;;data/raw/html_pocos/2900007857.html;2026-04-10T17:28:21.597327+00:00
2900007858;https://siagasweb.sgb.gov.br/layout/detalhe.php?ponto=2900007858;;;data/raw/html_pocos/2900007858.html;2026-04-10T17:28:22.036439+00:00
2900007859;https://siagasweb.sgb.gov.br/layout/detalhe.php?ponto=2900007859;;;data/raw/html_pocos/2900007859.html;2026-04-10T17:28:22.434395+00:00
2900007860;https://siagasweb.sgb.gov.br/layout/detalhe.php?ponto=2900007860;;;data/raw/html_pocos/2900007860.html;2026-04-10T17:28:22.833894+00:00
2900007861;https://siagasweb.sgb.gov.br/layout/detalhe.php?ponto=2900007861;;;data/raw/html_pocos/2900007861.html;2026-04-10T17:28:23.229155+00:00
2900007862;https://siagasweb.sgb.gov.br/layout/detalhe.php?ponto=2900007862;;;data/raw/html_pocos/2900007862.html;2026-04-10T17:28:23.624101+00:00
2900007863;https://siagasweb.sgb.gov.br/layout/detalhe.php?ponto=2900007863;;;data/raw/html_pocos/2900007863.html;2026-04-10T17:28:24.014733+00:00
2900007864;https://siagasweb.sgb.gov.br/layout/detalhe.php?ponto=2900007864;;;data/raw/html_pocos/2900007864.html;2026-04-10T17:28:24.411455+00:00
2900007865;https://siagasweb.sgb.gov.br/layout/detalhe.php?ponto=2900007865;;;data/raw/html_pocos/2900007865.html;2026-04-10T17:28:24.812600+00:00
2900007866;https://siagasweb.sgb.gov.br/layout/detalhe.php?ponto=2900007866;;;data/raw/html_pocos/2900007866.html;2026-04-10T17:28:25.213108+00:00
2900007867;https://siagasweb.sgb.gov.br/layout/detalhe.php?ponto=2900007867;;;data/raw/html_pocos/2900007867.html;2026-04-10T17:28:25.612796+00:00
2900007868;https://siagasweb.sgb.gov.br/layout/detalhe.php?ponto=2900007868;;;data/raw/html_pocos/2900007868.html;2026-04-10T17:28:26.008169+00:00
2900007869;https://siagasweb.sgb.gov.br/layout/detalhe.php?ponto=2900007869;;;data/raw/html_pocos/2900007869.html;2026-04-10T17:28:26.407833+00:00
2900007870;https://siagasweb.sgb.gov.br/layout/detalhe.php?ponto=2900007870;;;data/raw/html_pocos/2900007870.html;2026-04-10T17:28:26.805803+00:00
2900007871;https://siagasweb.sgb.gov.br/layout/detalhe.php?ponto=2900007871;;;data/raw/html_pocos/2900007871.html;2026-04-10T17:28:27.375205+00:00
2900007872;https://siagasweb.sgb.gov.br/layout/detalhe.php?ponto=2900007872;;;data/raw/html_pocos/2900007872.html;2026-04-10T17:28:27.774652+00:00
2900021976;https://siagasweb.sgb.gov.br/layout/detalhe.php?ponto=2900021976;;;data/raw/html_pocos/2900021976.html;2026-04-10T17:28:28.174312+00:00
2900022425;https://siagasweb.sgb.gov.br/layout/detalhe.php?ponto=2900022425;;;data/raw/html_pocos/2900022425.html;2026-04-10T17:28:28.576048+00:00
2900022426;https://siagasweb.sgb.gov.br/layout/detalhe.php?ponto=2900022426;;;data/raw/html_pocos/2900022426.html;2026-04-10T17:28:28.980446+00:00
2900022427;https://siagasweb.sgb.gov.br/layout/detalhe.php?ponto=2900022427;;;data/raw/html_pocos/2900022427.html;2026-04-10T17:28:29.386734+00:00
2900022428;https://siagasweb.sgb.gov.br/layout/detalhe.php?ponto=2900022428;;;data/raw/html_pocos/2900022428.html;2026-04-10T17:28:29.789100+00:00
2900022429;https://siagasweb.sgb.gov.br/layout/detalhe.php?ponto=2900022429;;;data/raw/html_pocos/2900022429.html;2026-04-10T17:28:30.189239+00:00
2900022430;https://siagasweb.sgb.gov.br/layout/detalhe.php?ponto=2900022430;;;data/raw/html_pocos/2900022430.html;2026-04-10T17:28:30.587850+00:00
2900022431;https://siagasweb.sgb.gov.br/layout/detalhe.php?ponto=2900022431;;;data/raw/html_pocos/2900022431.html;2026-04-10T17:28:31.032154+00:00
2900023684;https://siagasweb.sgb.gov.br/layout/detalhe.php?ponto=2900023684;;;data/raw/html_pocos/2900023684.html;2026-04-10T17:28:31.433615+00:00
2900023685;https://siagasweb.sgb.gov.br/layout/detalhe.php?ponto=2900023685;;;data/raw/html_pocos/2900023685.html;2026-04-10T17:28:31.833502+00:00
2900024322;https://siagasweb.sgb.gov.br/layout/detalhe.php?ponto=2900024322;;;data/raw/html_pocos/2900024322.html;2026-04-10T17:28:32.233897+00:00
2900024323;https://siagasweb.sgb.gov.br/layout/detalhe.php?ponto=2900024323;;;data/raw/html_pocos/2900024323.html;2026-04-10T17:28:32.631175+00:00
2900024324;https://siagasweb.sgb.gov.br/layout/detalhe.php?ponto=2900024324;;;data/raw/html_pocos/2900024324.html;2026-04-10T17:28:33.035439+00:00
2900024325;https://siagasweb.sgb.gov.br/layout/detalhe.php?ponto=2900024325;;;data/raw/html_pocos/2900024325.html;2026-04-10T17:28:33.436902+00:00
2900024326;https://siagasweb.sgb.gov.br/layout/detalhe.php?ponto=2900024326;;;data/raw/html_pocos/2900024326.html;2026-04-10T17:28:33.838812+00:00
2900024331;https://siagasweb.sgb.gov.br/layout/detalhe.php?ponto=2900024331;;;data/raw/html_pocos/2900024331.html;2026-04-10T17:28:34.238401+00:00
2900026335;https://siagasweb.sgb.gov.br/layout/detalhe.php?ponto=2900026335;;;data/raw/html_pocos/2900026335.html;2026-04-10T17:28:34.641812+00:00
2900027067;https://siagasweb.sgb.gov.br/layout/detalhe.php?ponto=2900027067;;;data/raw/html_pocos/2900027067.html;2026-04-10T17:28:35.040919+00:00
2900027068;https://siagasweb.sgb.gov.br/layout/detalhe.php?ponto=2900027068;;;data/raw/html_pocos/2900027068.html;2026-04-10T17:28:35.442549+00:00
2900027069;https://siagasweb.sgb.gov.br/layout/detalhe.php?ponto=2900027069;;;data/raw/html_pocos/2900027069.html;2026-04-10T17:28:35.841938+00:00
2900027070;https://siagasweb.sgb.gov.br/layout/detalhe.php?ponto=2900027070;;;data/raw/html_pocos/2900027070.html;2026-04-10T17:28:36.237641+00:00
2900027071;https://siagasweb.sgb.gov.br/layout/detalhe.php?ponto=2900027071;;;data/raw/html_pocos/2900027071.html;2026-04-10T17:28:36.630616+00:00
2900027831;https://siagasweb.sgb.gov.br/layout/detalhe.php?ponto=2900027831;;;data/raw/html_pocos/2900027831.html;2026-04-10T17:28:37.037662+00:00
2900027832;https://siagasweb.sgb.gov.br/layout/detalhe.php?ponto=2900027832;;;data/raw/html_pocos/2900027832.html;2026-04-10T17:28:37.439736+00:00
2900027833;https://siagasweb.sgb.gov.br/layout/detalhe.php?ponto=2900027833;;;data/raw/html_pocos/2900027833.html;2026-04-10T17:28:37.830708+00:00
2900027834;https://siagasweb.sgb.gov.br/layout/detalhe.php?ponto=2900027834;;;data/raw/html_pocos/2900027834.html;2026-04-10T17:28:38.220561+00:00
2900027835;https://siagasweb.sgb.gov.br/layout/detalhe.php?ponto=2900027835;;;data/raw/html_pocos/2900027835.html;2026-04-10T17:28:38.619549+00:00
2900027836;https://siagasweb.sgb.gov.br/layout/detalhe.php?ponto=2900027836;;;data/raw/html_pocos/2900027836.html;2026-04-10T17:28:39.018148+00:00
2900027837;https://siagasweb.sgb.gov.br/layout/detalhe.php?ponto=2900027837;;;data/raw/html_pocos/2900027837.html;2026-04-10T17:28:39.448587+00:00
2900027838;https://siagasweb.sgb.gov.br/layout/detalhe.php?ponto=2900027838;;;data/raw/html_pocos/2900027838.html;2026-04-10T17:28:39.845937+00:00
2900029433;https://siagasweb.sgb.gov.br/layout/detalhe.php?ponto=2900029433;;;data/raw/html_pocos/2900029433.html;2026-04-10T17:28:40.240298+00:00
2900029434;https://siagasweb.sgb.gov.br/layout/detalhe.php?ponto=2900029434;;;data/raw/html_pocos/2900029434.html;2026-04-10T17:28:40.637752+00:00
2900029435;https://siagasweb.sgb.gov.br/layout/detalhe.php?ponto=2900029435;;;data/raw/html_pocos/2900029435.html;2026-04-10T17:28:41.029832+00:00
2900029436;https://siagasweb.sgb.gov.br/layout/detalhe.php?ponto=2900029436;;;data/raw/html_pocos/2900029436.html;2026-04-10T17:28:41.419333+00:00
2900029437;https://siagasweb.sgb.gov.br/layout/detalhe.php?ponto=2900029437;;;data/raw/html_pocos/2900029437.html;2026-04-10T17:28:41.811801+00:00
2900029438;https://siagasweb.sgb.gov.br/layout/detalhe.php?ponto=2900029438;;;data/raw/html_pocos/2900029438.html;2026-04-10T17:28:42.207046+00:00
2900029439;https://siagasweb.sgb.gov.br/layout/detalhe.php?ponto=2900029439;;;data/raw/html_pocos/2900029439.html;2026-04-10T17:28:42.599252+00:00
2900030940;https://siagasweb.sgb.gov.br/layout/detalhe.php?ponto=2900030940;;;data/raw/html_pocos/2900030940.html;2026-04-10T17:28:43.007011+00:00
2900030941;https://siagasweb.sgb.gov.br/layout/detalhe.php?ponto=2900030941;;;data/raw/html_pocos/2900030941.html;2026-04-10T17:28:43.399454+00:00
2900030942;https://siagasweb.sgb.gov.br/layout/detalhe.php?ponto=2900030942;;;data/raw/html_pocos/2900030942.html;2026-04-10T17:28:43.791758+00:00
2900030943;https://siagasweb.sgb.gov.br/layout/detalhe.php?ponto=2900030943;;;data/raw/html_pocos/2900030943.html;2026-04-10T17:28:44.177729+00:00
2900030944;https://siagasweb.sgb.gov.br/layout/detalhe.php?ponto=2900030944;;;data/raw/html_pocos/2900030944.html;2026-04-10T17:28:44.571060+00:00
2900031376;https://siagasweb.sgb.gov.br/layout/detalhe.php?ponto=2900031376;;;data/raw/html_pocos/2900031376.html;2026-04-10T17:28:44.966756+00:00
2900031377;https://siagasweb.sgb.gov.br/layout/detalhe.php?ponto=2900031377;;;data/raw/html_pocos/2900031377.html;2026-04-10T17:28:45.355057+00:00
2900031378;https://siagasweb.sgb.gov.br/layout/detalhe.php?ponto=2900031378;;;data/raw/html_pocos/2900031378.html;2026-04-10T17:28:45.750524+00:00
2900031379;https://siagasweb.sgb.gov.br/layout/detalhe.php?ponto=2900031379;;;data/raw/html_pocos/2900031379.html;2026-04-10T17:28:46.137996+00:00
2900032326;https://siagasweb.sgb.gov.br/layout/detalhe.php?ponto=2900032326;;;data/raw/html_pocos/2900032326.html;2026-04-10T17:28:46.531251+00:00
2900032327;https://siagasweb.sgb.gov.br/layout/detalhe.php?ponto=2900032327;;;data/raw/html_pocos/2900032327.html;2026-04-10T17:28:46.924441+00:00
2900032328;https://siagasweb.sgb.gov.br/layout/detalhe.php?ponto=2900032328;;;data/raw/html_pocos/2900032328.html;2026-04-10T17:28:47.319449+00:00
2900032329;https://siagasweb.sgb.gov.br/layout/detalhe.php?ponto=2900032329;;;data/raw/html_pocos/2900032329.html;2026-04-10T17:28:47.715522+00:00
2900033291;https://siagasweb.sgb.gov.br/layout/detalhe.php?ponto=2900033291;;;data/raw/html_pocos/2900033291.html;2026-04-10T17:28:48.104303+00:00
2900033292;https://siagasweb.sgb.gov.br/layout/detalhe.php?ponto=2900033292;;;data/raw/html_pocos/2900033292.html;2026-04-10T17:28:48.529577+00:00
2900035673;https://siagasweb.sgb.gov.br/layout/detalhe.php?ponto=2900035673;;;data/raw/html_pocos/2900035673.html;2026-04-10T17:28:48.929754+00:00
2900035674;https://siagasweb.sgb.gov.br/layout/detalhe.php?ponto=2900035674;;;data/raw/html_pocos/2900035674.html;2026-04-10T17:28:49.335403+00:00
2900035675;https://siagasweb.sgb.gov.br/layout/detalhe.php?ponto=2900035675;;;data/raw/html_pocos/2900035675.html;2026-04-10T17:28:49.740706+00:00
2900035766;https://siagasweb.sgb.gov.br/layout/detalhe.php?ponto=2900035766;;;data/raw/html_pocos/2900035766.html;2026-04-10T17:28:50.142763+00:00
2900035767;https://siagasweb.sgb.gov.br/layout/detalhe.php?ponto=2900035767;;;data/raw/html_pocos/2900035767.html;2026-04-10T17:28:50.539903+00:00
2900005858;https://siagasweb.sgb.gov.br/layout/detalhe.php?ponto=2900005858;;;data/raw/html_pocos/2900005858.html;2026-04-10T17:28:50.934829+00:00
2900005859;https://siagasweb.sgb.gov.br/layout/detalhe.php?ponto=2900005859;;;data/raw/html_pocos/2900005859.html;2026-04-10T17:28:51.332104+00:00
2900005860;https://siagasweb.sgb.gov.br/layout/detalhe.php?ponto=2900005860;;;data/raw/html_pocos/2900005860.html;2026-04-10T17:28:51.732881+00:00
2900005861;https://siagasweb.sgb.gov.br/layout/detalhe.php?ponto=2900005861;;;data/raw/html_pocos/2900005861.html;2026-04-10T17:28:52.131405+00:00
2900005862;https://siagasweb.sgb.gov.br/layout/detalhe.php?ponto=2900005862;;;data/raw/html_pocos/2900005862.html;2026-04-10T17:28:52.532054+00:00
2900005874;https://siagasweb.sgb.gov.br/layout/detalhe.php?ponto=2900005874;;;data/raw/html_pocos/2900005874.html;2026-04-10T17:28:52.928824+00:00
2900005875;https://siagasweb.sgb.gov.br/layout/detalhe.php?ponto=2900005875;;;data/raw/html_pocos/2900005875.html;2026-04-10T17:28:53.324689+00:00
2900005876;https://siagasweb.sgb.gov.br/layout/detalhe.php?ponto=2900005876;;;data/raw/html_pocos/2900005876.html;2026-04-10T17:28:53.718773+00:00
2900005877;https://siagasweb.sgb.gov.br/layout/detalhe.php?ponto=2900005877;;;data/raw/html_pocos/2900005877.html;2026-04-10T17:28:54.115721+00:00
2900005878;https://siagasweb.sgb.gov.br/layout/detalhe.php?ponto=2900005878;;;data/raw/html_pocos/2900005878.html;2026-04-10T17:28:54.507983+00:00
2900005879;https://siagasweb.sgb.gov.br/layout/detalhe.php?ponto=2900005879;;;data/raw/html_pocos/2900005879.html;2026-04-10T17:28:54.906307+00:00
2900005880;https://siagasweb.sgb.gov.br/layout/detalhe.php?ponto=2900005880;;;data/raw/html_pocos/2900005880.html;2026-04-10T17:28:55.298974+00:00
2900005881;https://siagasweb.sgb.gov.br/layout/detalhe.php?ponto=2900005881;;;data/raw/html_pocos/2900005881.html;2026-04-10T17:28:55.691635+00:00
2900005882;https://siagasweb.sgb.gov.br/layout/detalhe.php?ponto=2900005882;;;data/raw/html_pocos/2900005882.html;2026-04-10T17:28:56.087512+00:00
2900005883;https://siagasweb.sgb.gov.br/layout/detalhe.php?ponto=2900005883;;;data/raw/html_pocos/2900005883.html;2026-04-10T17:28:56.481372+00:00
2900005884;https://siagasweb.sgb.gov.br/layout/detalhe.php?ponto=2900005884;;;data/raw/html_pocos/2900005884.html;2026-04-10T17:28:56.879872+00:00
2900005885;https://siagasweb.sgb.gov.br/layout/detalhe.php?ponto=2900005885;;;data/raw/html_pocos/2900005885.html;2026-04-10T17:28:57.316479+00:00
2900005886;https://siagasweb.sgb.gov.br/layout/detalhe.php?ponto=2900005886;;;data/raw/html_pocos/2900005886.html;2026-04-10T17:28:57.715389+00:00
2900005887;https://siagasweb.sgb.gov.br/layout/detalhe.php?ponto=2900005887;;;data/raw/html_pocos/2900005887.html;2026-04-10T17:28:58.116087+00:00
2900005888;https://siagasweb.sgb.gov.br/layout/detalhe.php?ponto=2900005888;;;data/raw/html_pocos/2900005888.html;2026-04-10T17:28:58.512766+00:00
2900005889;https://siagasweb.sgb.gov.br/layout/detalhe.php?ponto=2900005889;;;data/raw/html_pocos/2900005889.html;2026-04-10T17:28:58.912194+00:00
2900005890;https://siagasweb.sgb.gov.br/layout/detalhe.php?ponto=2900005890;;;data/raw/html_pocos/2900005890.html;2026-04-10T17:28:59.311358+00:00
2900005891;https://siagasweb.sgb.gov.br/layout/detalhe.php?ponto=2900005891;;;data/raw/html_pocos/2900005891.html;2026-04-10T17:28:59.706283+00:00
2900005892;https://siagasweb.sgb.gov.br/layout/detalhe.php?ponto=2900005892;;;data/raw/html_pocos/2900005892.html;2026-04-10T17:29:00.104333+00:00
2900022738;https://siagasweb.sgb.gov.br/layout/detalhe.php?ponto=2900022738;;;data/raw/html_pocos/2900022738.html;2026-04-10T17:29:00.506687+00:00
2900022739;https://siagasweb.sgb.gov.br/layout/detalhe.php?ponto=2900022739;;;data/raw/html_pocos/2900022739.html;2026-04-10T17:29:00.904392+00:00
2900022740;https://siagasweb.sgb.gov.br/layout/detalhe.php?ponto=2900022740;;;data/raw/html_pocos/2900022740.html;2026-04-10T17:29:01.308924+00:00
2900022741;https://siagasweb.sgb.gov.br/layout/detalhe.php?ponto=2900022741;;;data/raw/html_pocos/2900022741.html;2026-04-10T17:29:01.715014+00:00
2900023666;https://siagasweb.sgb.gov.br/layout/detalhe.php?ponto=2900023666;;;data/raw/html_pocos/2900023666.html;2026-04-10T17:29:02.119574+00:00
2900024319;https://siagasweb.sgb.gov.br/layout/detalhe.php?ponto=2900024319;;;data/raw/html_pocos/2900024319.html;2026-04-10T17:29:02.525884+00:00
2900024335;https://siagasweb.sgb.gov.br/layout/detalhe.php?ponto=2900024335;;;data/raw/html_pocos/2900024335.html;2026-04-10T17:29:02.929856+00:00
2900026290;https://siagasweb.sgb.gov.br/layout/detalhe.php?ponto=2900026290;;;data/raw/html_pocos/2900026290.html;2026-04-10T17:29:03.341905+00:00
2900027016;https://siagasweb.sgb.gov.br/layout/detalhe.php?ponto=2900027016;;;data/raw/html_pocos/2900027016.html;2026-04-10T17:29:03.740387+00:00
2900027268;https://siagasweb.sgb.gov.br/layout/detalhe.php?ponto=2900027268;;;data/raw/html_pocos/2900027268.html;2026-04-10T17:29:04.140219+00:00
2900027269;https://siagasweb.sgb.gov.br/layout/detalhe.php?ponto=2900027269;;;data/raw/html_pocos/2900027269.html;2026-04-10T17:29:04.533746+00:00
2900027270;https://siagasweb.sgb.gov.br/layout/detalhe.php?ponto=2900027270;;;data/raw/html_pocos/2900027270.html;2026-04-10T17:29:04.924749+00:00
2900027271;https://siagasweb.sgb.gov.br/layout/detalhe.php?ponto=2900027271;;;data/raw/html_pocos/2900027271.html;2026-04-10T17:29:05.324479+00:00
2900028928;https://siagasweb.sgb.gov.br/layout/detalhe.php?ponto=2900028928;;;data/raw/html_pocos/2900028928.html;2026-04-10T17:29:05.767342+00:00
2900029049;https://siagasweb.sgb.gov.br/layout/detalhe.php?ponto=2900029049;;;data/raw/html_pocos/2900029049.html;2026-04-10T17:29:06.157511+00:00
2900029050;https://siagasweb.sgb.gov.br/layout/detalhe.php?ponto=2900029050;;;data/raw/html_pocos/2900029050.html;2026-04-10T17:29:06.546340+00:00
2900029051;https://siagasweb.sgb.gov.br/layout/detalhe.php?ponto=2900029051;;;data/raw/html_pocos/2900029051.html;2026-04-10T17:29:06.936202+00:00
2900029052;https://siagasweb.sgb.gov.br/layout/detalhe.php?ponto=2900029052;;;data/raw/html_pocos/2900029052.html;2026-04-10T17:29:07.325335+00:00
2900029349;https://siagasweb.sgb.gov.br/layout/detalhe.php?ponto=2900029349;;;data/raw/html_pocos/2900029349.html;2026-04-10T17:29:07.717815+00:00
2900029350;https://siagasweb.sgb.gov.br/layout/detalhe.php?ponto=2900029350;;;data/raw/html_pocos/2900029350.html;2026-04-10T17:29:08.115887+00:00
2900029351;https://siagasweb.sgb.gov.br/layout/detalhe.php?ponto=2900029351;;;data/raw/html_pocos/2900029351.html;2026-04-10T17:29:08.509055+00:00
2900030852;https://siagasweb.sgb.gov.br/layout/detalhe.php?ponto=2900030852;;;data/raw/html_pocos/2900030852.html;2026-04-10T17:29:08.914643+00:00
2900030853;https://siagasweb.sgb.gov.br/layout/detalhe.php?ponto=2900030853;;;data/raw/html_pocos/2900030853.html;2026-04-10T17:29:09.315037+00:00
2900031246;https://siagasweb.sgb.gov.br/layout/detalhe.php?ponto=2900031246;;;data/raw/html_pocos/2900031246.html;2026-04-10T17:29:09.701432+00:00
2900031247;https://siagasweb.sgb.gov.br/layout/detalhe.php?ponto=2900031247;;;data/raw/html_pocos/2900031247.html;2026-04-10T17:29:10.090975+00:00
2900031248;https://siagasweb.sgb.gov.br/layout/detalhe.php?ponto=2900031248;;;data/raw/html_pocos/2900031248.html;2026-04-10T17:29:10.476535+00:00
2900031249;https://siagasweb.sgb.gov.br/layout/detalhe.php?ponto=2900031249;;;data/raw/html_pocos/2900031249.html;2026-04-10T17:29:10.861709+00:00
2900031250;https://siagasweb.sgb.gov.br/layout/detalhe.php?ponto=2900031250;;;data/raw/html_pocos/2900031250.html;2026-04-10T17:29:11.258349+00:00
2900031251;https://siagasweb.sgb.gov.br/layout/detalhe.php?ponto=2900031251;;;data/raw/html_pocos/2900031251.html;2026-04-10T17:29:11.648772+00:00
2900031252;https://siagasweb.sgb.gov.br/layout/detalhe.php?ponto=2900031252;;;data/raw/html_pocos/2900031252.html;2026-04-10T17:29:12.045590+00:00
2900031253;https://siagasweb.sgb.gov.br/layout/detalhe.php?ponto=2900031253;;;data/raw/html_pocos/2900031253.html;2026-04-10T17:29:12.439988+00:00
2900031254;https://siagasweb.sgb.gov.br/layout/detalhe.php?ponto=2900031254;;;data/raw/html_pocos/2900031254.html;2026-04-10T17:29:12.827886+00:00
2900001172;https://siagasweb.sgb.gov.br/layout/detalhe.php?ponto=2900001172;;;data/raw/html_pocos/2900001172.html;2026-04-10T17:29:13.221089+00:00
2900006638;https://siagasweb.sgb.gov.br/layout/detalhe.php?ponto=2900006638;;;data/raw/html_pocos/2900006638.html;2026-04-10T17:29:13.622791+00:00
2900006639;https://siagasweb.sgb.gov.br/layout/detalhe.php?ponto=2900006639;;;data/raw/html_pocos/2900006639.html;2026-04-10T17:29:14.020106+00:00
2900006640;https://siagasweb.sgb.gov.br/layout/detalhe.php?ponto=2900006640;;;data/raw/html_pocos/2900006640.html;2026-04-10T17:29:14.423134+00:00
2900006641;https://siagasweb.sgb.gov.br/layout/detalhe.php?ponto=2900006641;;;data/raw/html_pocos/2900006641.html;2026-04-10T17:29:14.820727+00:00
2900006642;https://siagasweb.sgb.gov.br/layout/detalhe.php?ponto=2900006642;;;data/raw/html_pocos/2900006642.html;2026-04-10T17:29:15.255695+00:00
2900006643;https://siagasweb.sgb.gov.br/layout/detalhe.php?ponto=2900006643;;;data/raw/html_pocos/2900006643.html;2026-04-10T17:29:15.659597+00:00
2900006644;https://siagasweb.sgb.gov.br/layout/detalhe.php?ponto=2900006644;;;data/raw/html_pocos/2900006644.html;2026-04-10T17:29:16.060686+00:00
2900006645;https://siagasweb.sgb.gov.br/layout/detalhe.php?ponto=2900006645;;;data/raw/html_pocos/2900006645.html;2026-04-10T17:29:16.474413+00:00
2900006646;https://siagasweb.sgb.gov.br/layout/detalhe.php?ponto=2900006646;;;data/raw/html_pocos/2900006646.html;2026-04-10T17:29:16.872608+00:00
2900006647;https://siagasweb.sgb.gov.br/layout/detalhe.php?ponto=2900006647;;;data/raw/html_pocos/2900006647.html;2026-04-10T17:29:17.267700+00:00
2900006648;https://siagasweb.sgb.gov.br/layout/detalhe.php?ponto=2900006648;;;data/raw/html_pocos/2900006648.html;2026-04-10T17:29:17.671852+00:00
2900006649;https://siagasweb.sgb.gov.br/layout/detalhe.php?ponto=2900006649;;;data/raw/html_pocos/2900006649.html;2026-04-10T17:29:18.073923+00:00
2900006650;https://siagasweb.sgb.gov.br/layout/detalhe.php?ponto=2900006650;;;data/raw/html_pocos/2900006650.html;2026-04-10T17:29:18.472691+00:00
2900006651;https://siagasweb.sgb.gov.br/layout/detalhe.php?ponto=2900006651;;;data/raw/html_pocos/2900006651.html;2026-04-10T17:29:18.867010+00:00
2900006652;https://siagasweb.sgb.gov.br/layout/detalhe.php?ponto=2900006652;;;data/raw/html_pocos/2900006652.html;2026-04-10T17:29:19.265988+00:00
2900006653;https://siagasweb.sgb.gov.br/layout/detalhe.php?ponto=2900006653;;;data/raw/html_pocos/2900006653.html;2026-04-10T17:29:19.664453+00:00
2900006654;https://siagasweb.sgb.gov.br/layout/detalhe.php?ponto=2900006654;;;data/raw/html_pocos/2900006654.html;2026-04-10T17:29:20.062241+00:00
2900006655;https://siagasweb.sgb.gov.br/layout/detalhe.php?ponto=2900006655;;;data/raw/html_pocos/2900006655.html;2026-04-10T17:29:20.459750+00:00
2900006656;https://siagasweb.sgb.gov.br/layout/detalhe.php?ponto=2900006656;;;data/raw/html_pocos/2900006656.html;2026-04-10T17:29:20.853530+00:00
2900006657;https://siagasweb.sgb.gov.br/layout/detalhe.php?ponto=2900006657;;;data/raw/html_pocos/2900006657.html;2026-04-10T17:29:21.250605+00:00
2900006658;https://siagasweb.sgb.gov.br/layout/detalhe.php?ponto=2900006658;;;data/raw/html_pocos/2900006658.html;2026-04-10T17:29:21.649312+00:00
2900006659;https://siagasweb.sgb.gov.br/layout/detalhe.php?ponto=2900006659;;;data/raw/html_pocos/2900006659.html;2026-04-10T17:29:22.043852+00:00
2900006660;https://siagasweb.sgb.gov.br/layout/detalhe.php?ponto=2900006660;;;data/raw/html_pocos/2900006660.html;2026-04-10T17:29:22.442405+00:00
2900006661;https://siagasweb.sgb.gov.br/layout/detalhe.php?ponto=2900006661;;;data/raw/html_pocos/2900006661.html;2026-04-10T17:29:22.839819+00:00
2900006662;https://siagasweb.sgb.gov.br/layout/detalhe.php?ponto=2900006662;;;data/raw/html_pocos/2900006662.html;2026-04-10T17:29:23.239338+00:00
2900006663;https://siagasweb.sgb.gov.br/layout/detalhe.php?ponto=2900006663;;;data/raw/html_pocos/2900006663.html;2026-04-10T17:29:23.637688+00:00
2900006664;https://siagasweb.sgb.gov.br/layout/detalhe.php?ponto=2900006664;;;data/raw/html_pocos/2900006664.html;2026-04-10T17:29:24.077372+00:00
2900006665;https://siagasweb.sgb.gov.br/layout/detalhe.php?ponto=2900006665;;;data/raw/html_pocos/2900006665.html;2026-04-10T17:29:24.475223+00:00
2900006666;https://siagasweb.sgb.gov.br/layout/detalhe.php?ponto=2900006666;;;data/raw/html_pocos/2900006666.html;2026-04-10T17:29:24.874487+00:00
2900006667;https://siagasweb.sgb.gov.br/layout/detalhe.php?ponto=2900006667;;;data/raw/html_pocos/2900006667.html;2026-04-10T17:29:25.280196+00:00
2900006668;https://siagasweb.sgb.gov.br/layout/detalhe.php?ponto=2900006668;;;data/raw/html_pocos/2900006668.html;2026-04-10T17:29:25.679096+00:00
2900006669;https://siagasweb.sgb.gov.br/layout/detalhe.php?ponto=2900006669;;;data/raw/html_pocos/2900006669.html;2026-04-10T17:29:26.087795+00:00
2900006670;https://siagasweb.sgb.gov.br/layout/detalhe.php?ponto=2900006670;;;data/raw/html_pocos/2900006670.html;2026-04-10T17:29:26.487988+00:00
2900006671;https://siagasweb.sgb.gov.br/layout/detalhe.php?ponto=2900006671;;;data/raw/html_pocos/2900006671.html;2026-04-10T17:29:26.884609+00:00
2900006672;https://siagasweb.sgb.gov.br/layout/detalhe.php?ponto=2900006672;;;data/raw/html_pocos/2900006672.html;2026-04-10T17:29:27.278593+00:00
2900006673;https://siagasweb.sgb.gov.br/layout/detalhe.php?ponto=2900006673;;;data/raw/html_pocos/2900006673.html;2026-04-10T17:29:27.675366+00:00
2900006674;https://siagasweb.sgb.gov.br/layout/detalhe.php?ponto=2900006674;;;data/raw/html_pocos/2900006674.html;2026-04-10T17:29:28.074811+00:00
2900006675;https://siagasweb.sgb.gov.br/layout/detalhe.php?ponto=2900006675;;;data/raw/html_pocos/2900006675.html;2026-04-10T17:29:28.473103+00:00
2900006676;https://siagasweb.sgb.gov.br/layout/detalhe.php?ponto=2900006676;;;data/raw/html_pocos/2900006676.html;2026-04-10T17:29:28.867277+00:00
2900006677;https://siagasweb.sgb.gov.br/layout/detalhe.php?ponto=2900006677;;;data/raw/html_pocos/2900006677.html;2026-04-10T17:29:29.264187+00:00
2900006678;https://siagasweb.sgb.gov.br/layout/detalhe.php?ponto=2900006678;;;data/raw/html_pocos/2900006678.html;2026-04-10T17:29:29.662688+00:00
2900006679;https://siagasweb.sgb.gov.br/layout/detalhe.php?ponto=2900006679;;;data/raw/html_pocos/2900006679.html;2026-04-10T17:29:30.062227+00:00
2900006680;https://siagasweb.sgb.gov.br/layout/detalhe.php?ponto=2900006680;;;data/raw/html_pocos/2900006680.html;2026-04-10T17:29:30.460097+00:00
2900006681;https://siagasweb.sgb.gov.br/layout/detalhe.php?ponto=2900006681;;;data/raw/html_pocos/2900006681.html;2026-04-10T17:29:30.860058+00:00
2900006835;https://siagasweb.sgb.gov.br/layout/detalhe.php?ponto=2900006835;;;data/raw/html_pocos/2900006835.html;2026-04-10T17:29:31.258668+00:00
2900006836;https://siagasweb.sgb.gov.br/layout/detalhe.php?ponto=2900006836;;;data/raw/html_pocos/2900006836.html;2026-04-10T17:29:31.657187+00:00
2900006837;https://siagasweb.sgb.gov.br/layout/detalhe.php?ponto=2900006837;;;data/raw/html_pocos/2900006837.html;2026-04-10T17:29:32.055536+00:00
2900006838;https://siagasweb.sgb.gov.br/layout/detalhe.php?ponto=2900006838;;;data/raw/html_pocos/2900006838.html;2026-04-10T17:29:32.483631+00:00
2900006839;https://siagasweb.sgb.gov.br/layout/detalhe.php?ponto=2900006839;;;data/raw/html_pocos/2900006839.html;2026-04-10T17:29:32.878465+00:00
2900006840;https://siagasweb.sgb.gov.br/layout/detalhe.php?ponto=2900006840;;;data/raw/html_pocos/2900006840.html;2026-04-10T17:29:33.274135+00:00
2900006841;https://siagasweb.sgb.gov.br/layout/detalhe.php?ponto=2900006841;;;data/raw/html_pocos/2900006841.html;2026-04-10T17:29:33.667752+00:00
2900006842;https://siagasweb.sgb.gov.br/layout/detalhe.php?ponto=2900006842;;;data/raw/html_pocos/2900006842.html;2026-04-10T17:29:34.070206+00:00
2900006848;https://siagasweb.sgb.gov.br/layout/detalhe.php?ponto=2900006848;;;data/raw/html_pocos/2900006848.html;2026-04-10T17:29:34.464329+00:00
2900009601;https://siagasweb.sgb.gov.br/layout/detalhe.php?ponto=2900009601;;;data/raw/html_pocos/2900009601.html;2026-04-10T17:29:34.864520+00:00
2900013347;https://siagasweb.sgb.gov.br/layout/detalhe.php?ponto=2900013347;;;data/raw/html_pocos/2900013347.html;2026-04-10T17:29:35.257990+00:00
2900013348;https://siagasweb.sgb.gov.br/layout/detalhe.php?ponto=2900013348;;;data/raw/html_pocos/2900013348.html;2026-04-10T17:29:35.655393+00:00
2900013349;https://siagasweb.sgb.gov.br/layout/detalhe.php?ponto=2900013349;;;data/raw/html_pocos/2900013349.html;2026-04-10T17:29:36.045996+00:00
2900013350;https://siagasweb.sgb.gov.br/layout/detalhe.php?ponto=2900013350;;;data/raw/html_pocos/2900013350.html;2026-04-10T17:29:36.441630+00:00
2900013351;https://siagasweb.sgb.gov.br/layout/detalhe.php?ponto=2900013351;;;data/raw/html_pocos/2900013351.html;2026-04-10T17:29:36.840445+00:00
2900013352;https://siagasweb.sgb.gov.br/layout/detalhe.php?ponto=2900013352;;;data/raw/html_pocos/2900013352.html;2026-04-10T17:29:37.243689+00:00
2900013354;https://siagasweb.sgb.gov.br/layout/detalhe.php?ponto=2900013354;;;data/raw/html_pocos/2900013354.html;2026-04-10T17:29:37.651145+00:00
2900013356;https://siagasweb.sgb.gov.br/layout/detalhe.php?ponto=2900013356;;;data/raw/html_pocos/2900013356.html;2026-04-10T17:29:38.053406+00:00
2900013357;https://siagasweb.sgb.gov.br/layout/detalhe.php?ponto=2900013357;;;data/raw/html_pocos/2900013357.html;2026-04-10T17:29:38.453182+00:00
2900013358;https://siagasweb.sgb.gov.br/layout/detalhe.php?ponto=2900013358;;;data/raw/html_pocos/2900013358.html;2026-04-10T17:29:38.850067+00:00
2900013359;https://siagasweb.sgb.gov.br/layout/detalhe.php?ponto=2900013359;;;data/raw/html_pocos/2900013359.html;2026-04-10T17:29:39.247377+00:00
2900013360;https://siagasweb.sgb.gov.br/layout/detalhe.php?ponto=2900013360;;;data/raw/html_pocos/2900013360.html;2026-04-10T17:29:39.647593+00:00
2900013361;https://siagasweb.sgb.gov.br/layout/detalhe.php?ponto=2900013361;;;data/raw/html_pocos/2900013361.html;2026-04-10T17:29:40.047671+00:00
2900013362;https://siagasweb.sgb.gov.br/layout/detalhe.php?ponto=2900013362;;;data/raw/html_pocos/2900013362.html;2026-04-10T17:29:40.448763+00:00
2900013363;https://siagasweb.sgb.gov.br/layout/detalhe.php?ponto=2900013363;;;data/raw/html_pocos/2900013363.html;2026-04-10T17:29:40.847899+00:00
2900013364;https://siagasweb.sgb.gov.br/layout/detalhe.php?ponto=2900013364;;;data/raw/html_pocos/2900013364.html;2026-04-10T17:29:41.285923+00:00
2900013365;https://siagasweb.sgb.gov.br/layout/detalhe.php?ponto=2900013365;;;data/raw/html_pocos/2900013365.html;2026-04-10T17:29:41.681377+00:00
2900013366;https://siagasweb.sgb.gov.br/layout/detalhe.php?ponto=2900013366;;;data/raw/html_pocos/2900013366.html;2026-04-10T17:29:42.080219+00:00
2900013553;https://siagasweb.sgb.gov.br/layout/detalhe.php?ponto=2900013553;;;data/raw/html_pocos/2900013553.html;2026-04-10T17:29:42.473941+00:00
2900013555;https://siagasweb.sgb.gov.br/layout/detalhe.php?ponto=2900013555;;;data/raw/html_pocos/2900013555.html;2026-04-10T17:29:42.870502+00:00
2900014295;https://siagasweb.sgb.gov.br/layout/detalhe.php?ponto=2900014295;;;data/raw/html_pocos/2900014295.html;2026-04-10T17:29:43.263935+00:00
2900014296;https://siagasweb.sgb.gov.br/layout/detalhe.php?ponto=2900014296;;;data/raw/html_pocos/2900014296.html;2026-04-10T17:29:43.660010+00:00
2900014298;https://siagasweb.sgb.gov.br/layout/detalhe.php?ponto=2900014298;;;data/raw/html_pocos/2900014298.html;2026-04-10T17:29:44.053354+00:00
2900014299;https://siagasweb.sgb.gov.br/layout/detalhe.php?ponto=2900014299;;;data/raw/html_pocos/2900014299.html;2026-04-10T17:29:44.450804+00:00
2900014300;https://siagasweb.sgb.gov.br/layout/detalhe.php?ponto=2900014300;;;data/raw/html_pocos/2900014300.html;2026-04-10T17:29:44.853555+00:00
2900014301;https://siagasweb.sgb.gov.br/layout/detalhe.php?ponto=2900014301;;;data/raw/html_pocos/2900014301.html;2026-04-10T17:29:45.247778+00:00
2900014303;https://siagasweb.sgb.gov.br/layout/detalhe.php?ponto=2900014303;;;data/raw/html_pocos/2900014303.html;2026-04-10T17:29:45.644455+00:00
2900014322;https://siagasweb.sgb.gov.br/layout/detalhe.php?ponto=2900014322;;;data/raw/html_pocos/2900014322.html;2026-04-10T17:29:46.041376+00:00
2900014323;https://siagasweb.sgb.gov.br/layout/detalhe.php?ponto=2900014323;;;data/raw/html_pocos/2900014323.html;2026-04-10T17:29:46.443300+00:00
2900014324;https://siagasweb.sgb.gov.br/layout/detalhe.php?ponto=2900014324;;;data/raw/html_pocos/2900014324.html;2026-04-10T17:29:46.842951+00:00
2900020602;https://siagasweb.sgb.gov.br/layout/detalhe.php?ponto=2900020602;;;data/raw/html_pocos/2900020602.html;2026-04-10T17:29:47.239575+00:00
2900022071;https://siagasweb.sgb.gov.br/layout/detalhe.php?ponto=2900022071;;;data/raw/html_pocos/2900022071.html;2026-04-10T17:29:47.639290+00:00
2900022239;https://siagasweb.sgb.gov.br/layout/detalhe.php?ponto=2900022239;;;data/raw/html_pocos/2900022239.html;2026-04-10T17:29:48.039743+00:00
2900022240;https://siagasweb.sgb.gov.br/layout/detalhe.php?ponto=2900022240;;;data/raw/html_pocos/2900022240.html;2026-04-10T17:29:48.434473+00:00
2900022241;https://siagasweb.sgb.gov.br/layout/detalhe.php?ponto=2900022241;;;data/raw/html_pocos/2900022241.html;2026-04-10T17:29:48.834927+00:00
2900022242;https://siagasweb.sgb.gov.br/layout/detalhe.php?ponto=2900022242;;;data/raw/html_pocos/2900022242.html;2026-04-10T17:29:49.233261+00:00
2900022243;https://siagasweb.sgb.gov.br/layout/detalhe.php?ponto=2900022243;;;data/raw/html_pocos/2900022243.html;2026-04-10T17:29:49.629133+00:00
2900022244;https://siagasweb.sgb.gov.br/layout/detalhe.php?ponto=2900022244;;;data/raw/html_pocos/2900022244.html;2026-04-10T17:29:50.026297+00:00
2900022245;https://siagasweb.sgb.gov.br/layout/detalhe.php?ponto=2900022245;;;data/raw/html_pocos/2900022245.html;2026-04-10T17:29:50.465620+00:00
2900023837;https://siagasweb.sgb.gov.br/layout/detalhe.php?ponto=2900023837;;;data/raw/html_pocos/2900023837.html;2026-04-10T17:29:50.867799+00:00
2900023838;https://siagasweb.sgb.gov.br/layout/detalhe.php?ponto=2900023838;;;data/raw/html_pocos/2900023838.html;2026-04-10T17:29:51.265860+00:00
2900023839;https://siagasweb.sgb.gov.br/layout/detalhe.php?ponto=2900023839;;;data/raw/html_pocos/2900023839.html;2026-04-10T17:29:51.663474+00:00
2900023840;https://siagasweb.sgb.gov.br/layout/detalhe.php?ponto=2900023840;;;data/raw/html_pocos/2900023840.html;2026-04-10T17:29:52.059396+00:00
2900023841;https://siagasweb.sgb.gov.br/layout/detalhe.php?ponto=2900023841;;;data/raw/html_pocos/2900023841.html;2026-04-10T17:29:52.455392+00:00
2900023842;https://siagasweb.sgb.gov.br/layout/detalhe.php?ponto=2900023842;;;data/raw/html_pocos/2900023842.html;2026-04-10T17:29:52.856825+00:00
2900023994;https://siagasweb.sgb.gov.br/layout/detalhe.php?ponto=2900023994;;;data/raw/html_pocos/2900023994.html;2026-04-10T17:29:53.255934+00:00
2900024022;https://siagasweb.sgb.gov.br/layout/detalhe.php?ponto=2900024022;;;data/raw/html_pocos/2900024022.html;2026-04-10T17:29:53.658362+00:00
2900024050;https://siagasweb.sgb.gov.br/layout/detalhe.php?ponto=2900024050;;;data/raw/html_pocos/2900024050.html;2026-04-10T17:29:54.055024+00:00
2900026220;https://siagasweb.sgb.gov.br/layout/detalhe.php?ponto=2900026220;;;data/raw/html_pocos/2900026220.html;2026-04-10T17:29:54.452481+00:00
2900026221;https://siagasweb.sgb.gov.br/layout/detalhe.php?ponto=2900026221;;;data/raw/html_pocos/2900026221.html;2026-04-10T17:29:54.848167+00:00
2900026222;https://siagasweb.sgb.gov.br/layout/detalhe.php?ponto=2900026222;;;data/raw/html_pocos/2900026222.html;2026-04-10T17:29:55.243705+00:00
2900027028;https://siagasweb.sgb.gov.br/layout/detalhe.php?ponto=2900027028;;;data/raw/html_pocos/2900027028.html;2026-04-10T17:29:55.642526+00:00
2900027482;https://siagasweb.sgb.gov.br/layout/detalhe.php?ponto=2900027482;;;data/raw/html_pocos/2900027482.html;2026-04-10T17:29:56.041673+00:00
2900027557;https://siagasweb.sgb.gov.br/layout/detalhe.php?ponto=2900027557;;;data/raw/html_pocos/2900027557.html;2026-04-10T17:29:56.424800+00:00
2900027558;https://siagasweb.sgb.gov.br/layout/detalhe.php?ponto=2900027558;;;data/raw/html_pocos/2900027558.html;2026-04-10T17:29:56.817846+00:00
2900029338;https://siagasweb.sgb.gov.br/layout/detalhe.php?ponto=2900029338;;;data/raw/html_pocos/2900029338.html;2026-04-10T17:29:57.209940+00:00
2900029728;https://siagasweb.sgb.gov.br/layout/detalhe.php?ponto=2900029728;;;data/raw/html_pocos/2900029728.html;2026-04-10T17:29:57.599467+00:00
2900031499;https://siagasweb.sgb.gov.br/layout/detalhe.php?ponto=2900031499;;;data/raw/html_pocos/2900031499.html;2026-04-10T17:29:57.991496+00:00
2900031500;https://siagasweb.sgb.gov.br/layout/detalhe.php?ponto=2900031500;;;data/raw/html_pocos/2900031500.html;2026-04-10T17:29:58.384292+00:00
2900031501;https://siagasweb.sgb.gov.br/layout/detalhe.php?ponto=2900031501;;;data/raw/html_pocos/2900031501.html;2026-04-10T17:29:58.770685+00:00
2900031502;https://siagasweb.sgb.gov.br/layout/detalhe.php?ponto=2900031502;;;data/raw/html_pocos/2900031502.html;2026-04-10T17:29:59.161543+00:00
2900031503;https://siagasweb.sgb.gov.br/layout/detalhe.php?ponto=2900031503;;;data/raw/html_pocos/2900031503.html;2026-04-10T17:29:59.586157+00:00
2900032186;https://siagasweb.sgb.gov.br/layout/detalhe.php?ponto=2900032186;;;data/raw/html_pocos/2900032186.html;2026-04-10T17:29:59.971268+00:00
2900032187;https://siagasweb.sgb.gov.br/layout/detalhe.php?ponto=2900032187;;;data/raw/html_pocos/2900032187.html;2026-04-10T17:30:00.358636+00:00
2900032188;https://siagasweb.sgb.gov.br/layout/detalhe.php?ponto=2900032188;;;data/raw/html_pocos/2900032188.html;2026-04-10T17:30:00.748555+00:00
2900033532;https://siagasweb.sgb.gov.br/layout/detalhe.php?ponto=2900033532;;;data/raw/html_pocos/2900033532.html;2026-04-10T17:30:01.149470+00:00
2900033533;https://siagasweb.sgb.gov.br/layout/detalhe.php?ponto=2900033533;;;data/raw/html_pocos/2900033533.html;2026-04-10T17:30:01.555241+00:00
2900033534;https://siagasweb.sgb.gov.br/layout/detalhe.php?ponto=2900033534;;;data/raw/html_pocos/2900033534.html;2026-04-10T17:30:01.945463+00:00
2900033535;https://siagasweb.sgb.gov.br/layout/detalhe.php?ponto=2900033535;;;data/raw/html_pocos/2900033535.html;2026-04-10T17:30:02.339932+00:00
2900033536;https://siagasweb.sgb.gov.br/layout/detalhe.php?ponto=2900033536;;;data/raw/html_pocos/2900033536.html;2026-04-10T17:30:02.733395+00:00
2900033537;https://siagasweb.sgb.gov.br/layout/detalhe.php?ponto=2900033537;;;data/raw/html_pocos/2900033537.html;2026-04-10T17:30:03.127882+00:00
2900033538;https://siagasweb.sgb.gov.br/layout/detalhe.php?ponto=2900033538;;;data/raw/html_pocos/2900033538.html;2026-04-10T17:30:03.519864+00:00
2900033539;https://siagasweb.sgb.gov.br/layout/detalhe.php?ponto=2900033539;;;data/raw/html_pocos/2900033539.html;2026-04-10T17:30:04.205650+00:00
2900001412;https://siagasweb.sgb.gov.br/layout/detalhe.php?ponto=2900001412;;;data/raw/html_pocos/2900001412.html;2026-04-10T17:30:04.601828+00:00
2900005912;https://siagasweb.sgb.gov.br/layout/detalhe.php?ponto=2900005912;;;data/raw/html_pocos/2900005912.html;2026-04-10T17:30:05.000921+00:00
2900005974;https://siagasweb.sgb.gov.br/layout/detalhe.php?ponto=2900005974;;;data/raw/html_pocos/2900005974.html;2026-04-10T17:30:05.400735+00:00
2900008209;https://siagasweb.sgb.gov.br/layout/detalhe.php?ponto=2900008209;;;data/raw/html_pocos/2900008209.html;2026-04-10T17:30:05.797548+00:00
2900008210;https://siagasweb.sgb.gov.br/layout/detalhe.php?ponto=2900008210;;;data/raw/html_pocos/2900008210.html;2026-04-10T17:30:06.196756+00:00
2900008211;https://siagasweb.sgb.gov.br/layout/detalhe.php?ponto=2900008211;;;data/raw/html_pocos/2900008211.html;2026-04-10T17:30:06.594057+00:00
2900008212;https://siagasweb.sgb.gov.br/layout/detalhe.php?ponto=2900008212;;;data/raw/html_pocos/2900008212.html;2026-04-10T17:30:06.993004+00:00
2900008213;https://siagasweb.sgb.gov.br/layout/detalhe.php?ponto=2900008213;;;data/raw/html_pocos/2900008213.html;2026-04-10T17:30:07.400156+00:00
2900008214;https://siagasweb.sgb.gov.br/layout/detalhe.php?ponto=2900008214;;;data/raw/html_pocos/2900008214.html;2026-04-10T17:30:07.791977+00:00
2900008215;https://siagasweb.sgb.gov.br/layout/detalhe.php?ponto=2900008215;;;data/raw/html_pocos/2900008215.html;2026-04-10T17:30:08.190435+00:00
2900008216;https://siagasweb.sgb.gov.br/layout/detalhe.php?ponto=2900008216;;;data/raw/html_pocos/2900008216.html;2026-04-10T17:30:08.585981+00:00
2900008217;https://siagasweb.sgb.gov.br/layout/detalhe.php?ponto=2900008217;;;data/raw/html_pocos/2900008217.html;2026-04-10T17:30:08.984107+00:00
2900008218;https://siagasweb.sgb.gov.br/layout/detalhe.php?ponto=2900008218;;;data/raw/html_pocos/2900008218.html;2026-04-10T17:30:09.420138+00:00
2900008219;https://siagasweb.sgb.gov.br/layout/detalhe.php?ponto=2900008219;;;data/raw/html_pocos/2900008219.html;2026-04-10T17:30:09.815222+00:00
2900008220;https://siagasweb.sgb.gov.br/layout/detalhe.php?ponto=2900008220;;;data/raw/html_pocos/2900008220.html;2026-04-10T17:30:10.239654+00:00
2900008221;https://siagasweb.sgb.gov.br/layout/detalhe.php?ponto=2900008221;;;data/raw/html_pocos/2900008221.html;2026-04-10T17:30:10.635185+00:00
2900008222;https://siagasweb.sgb.gov.br/layout/detalhe.php?ponto=2900008222;;;data/raw/html_pocos/2900008222.html;2026-04-10T17:30:11.034735+00:00
2900008223;https://siagasweb.sgb.gov.br/layout/detalhe.php?ponto=2900008223;;;data/raw/html_pocos/2900008223.html;2026-04-10T17:30:11.433116+00:00
2900008224;https://siagasweb.sgb.gov.br/layout/detalhe.php?ponto=2900008224;;;data/raw/html_pocos/2900008224.html;2026-04-10T17:30:11.830531+00:00
2900008225;https://siagasweb.sgb.gov.br/layout/detalhe.php?ponto=2900008225;;;data/raw/html_pocos/2900008225.html;2026-04-10T17:30:12.223660+00:00
2900008227;https://siagasweb.sgb.gov.br/layout/detalhe.php?ponto=2900008227;;;data/raw/html_pocos/2900008227.html;2026-04-10T17:30:12.616313+00:00
2900008298;https://siagasweb.sgb.gov.br/layout/detalhe.php?ponto=2900008298;;;data/raw/html_pocos/2900008298.html;2026-04-10T17:30:13.018354+00:00
2900008299;https://siagasweb.sgb.gov.br/layout/detalhe.php?ponto=2900008299;;;data/raw/html_pocos/2900008299.html;2026-04-10T17:30:13.416479+00:00
2900008300;https://siagasweb.sgb.gov.br/layout/detalhe.php?ponto=2900008300;;;data/raw/html_pocos/2900008300.html;2026-04-10T17:30:13.815203+00:00
2900008301;https://siagasweb.sgb.gov.br/layout/detalhe.php?ponto=2900008301;;;data/raw/html_pocos/2900008301.html;2026-04-10T17:30:14.213314+00:00
2900008302;https://siagasweb.sgb.gov.br/layout/detalhe.php?ponto=2900008302;;;data/raw/html_pocos/2900008302.html;2026-04-10T17:30:14.613188+00:00
2900008303;https://siagasweb.sgb.gov.br/layout/detalhe.php?ponto=2900008303;;;data/raw/html_pocos/2900008303.html;2026-04-10T17:30:15.008905+00:00
2900008304;https://siagasweb.sgb.gov.br/layout/detalhe.php?ponto=2900008304;;;data/raw/html_pocos/2900008304.html;2026-04-10T17:30:15.409165+00:00
2900008305;https://siagasweb.sgb.gov.br/layout/detalhe.php?ponto=2900008305;;;data/raw/html_pocos/2900008305.html;2026-04-10T17:30:15.807351+00:00
2900008306;https://siagasweb.sgb.gov.br/layout/detalhe.php?ponto=2900008306;;;data/raw/html_pocos/2900008306.html;2026-04-10T17:30:16.207839+00:00
2900008307;https://siagasweb.sgb.gov.br/layout/detalhe.php?ponto=2900008307;;;data/raw/html_pocos/2900008307.html;2026-04-10T17:30:16.605485+00:00
2900008308;https://siagasweb.sgb.gov.br/layout/detalhe.php?ponto=2900008308;;;data/raw/html_pocos/2900008308.html;2026-04-10T17:30:17.008333+00:00
2900008309;https://siagasweb.sgb.gov.br/layout/detalhe.php?ponto=2900008309;;;data/raw/html_pocos/2900008309.html;2026-04-10T17:30:17.405817+00:00
2900008310;https://siagasweb.sgb.gov.br/layout/detalhe.php?ponto=2900008310;;;data/raw/html_pocos/2900008310.html;2026-04-10T17:30:17.846089+00:00
2900008311;https://siagasweb.sgb.gov.br/layout/detalhe.php?ponto=2900008311;;;data/raw/html_pocos/2900008311.html;2026-04-10T17:30:18.247220+00:00
2900008312;https://siagasweb.sgb.gov.br/layout/detalhe.php?ponto=2900008312;;;data/raw/html_pocos/2900008312.html;2026-04-10T17:30:18.642797+00:00
2900008371;https://siagasweb.sgb.gov.br/layout/detalhe.php?ponto=2900008371;;;data/raw/html_pocos/2900008371.html;2026-04-10T17:30:19.037434+00:00
2900022490;https://siagasweb.sgb.gov.br/layout/detalhe.php?ponto=2900022490;;;data/raw/html_pocos/2900022490.html;2026-04-10T17:30:19.437345+00:00
2900022492;https://siagasweb.sgb.gov.br/layout/detalhe.php?ponto=2900022492;;;data/raw/html_pocos/2900022492.html;2026-04-10T17:30:19.852118+00:00
2900022493;https://siagasweb.sgb.gov.br/layout/detalhe.php?ponto=2900022493;;;data/raw/html_pocos/2900022493.html;2026-04-10T17:30:20.255210+00:00
2900022494;https://siagasweb.sgb.gov.br/layout/detalhe.php?ponto=2900022494;;;data/raw/html_pocos/2900022494.html;2026-04-10T17:30:20.653626+00:00
2900022495;https://siagasweb.sgb.gov.br/layout/detalhe.php?ponto=2900022495;;;data/raw/html_pocos/2900022495.html;2026-04-10T17:30:21.055228+00:00
2900022496;https://siagasweb.sgb.gov.br/layout/detalhe.php?ponto=2900022496;;;data/raw/html_pocos/2900022496.html;2026-04-10T17:30:21.453253+00:00
2900022498;https://siagasweb.sgb.gov.br/layout/detalhe.php?ponto=2900022498;;;data/raw/html_pocos/2900022498.html;2026-04-10T17:30:21.853897+00:00
2900023859;https://siagasweb.sgb.gov.br/layout/detalhe.php?ponto=2900023859;;;data/raw/html_pocos/2900023859.html;2026-04-10T17:30:22.255420+00:00
2900024178;https://siagasweb.sgb.gov.br/layout/detalhe.php?ponto=2900024178;;;data/raw/html_pocos/2900024178.html;2026-04-10T17:30:22.660893+00:00
2900024330;https://siagasweb.sgb.gov.br/layout/detalhe.php?ponto=2900024330;;;data/raw/html_pocos/2900024330.html;2026-04-10T17:30:23.068061+00:00
2900024443;https://siagasweb.sgb.gov.br/layout/detalhe.php?ponto=2900024443;;;data/raw/html_pocos/2900024443.html;2026-04-10T17:30:23.468932+00:00
2900026628;https://siagasweb.sgb.gov.br/layout/detalhe.php?ponto=2900026628;;;data/raw/html_pocos/2900026628.html;2026-04-10T17:30:23.862258+00:00
2900027250;https://siagasweb.sgb.gov.br/layout/detalhe.php?ponto=2900027250;;;data/raw/html_pocos/2900027250.html;2026-04-10T17:30:24.252868+00:00
2900027251;https://siagasweb.sgb.gov.br/layout/detalhe.php?ponto=2900027251;;;data/raw/html_pocos/2900027251.html;2026-04-10T17:30:24.643209+00:00
2900027252;https://siagasweb.sgb.gov.br/layout/detalhe.php?ponto=2900027252;;;data/raw/html_pocos/2900027252.html;2026-04-10T17:30:25.032860+00:00
2900027253;https://siagasweb.sgb.gov.br/layout/detalhe.php?ponto=2900027253;;;data/raw/html_pocos/2900027253.html;2026-04-10T17:30:25.426092+00:00
2900027254;https://siagasweb.sgb.gov.br/layout/detalhe.php?ponto=2900027254;;;data/raw/html_pocos/2900027254.html;2026-04-10T17:30:25.815659+00:00
2900027255;https://siagasweb.sgb.gov.br/layout/detalhe.php?ponto=2900027255;;;data/raw/html_pocos/2900027255.html;2026-04-10T17:30:26.209462+00:00
2900027256;https://siagasweb.sgb.gov.br/layout/detalhe.php?ponto=2900027256;;;data/raw/html_pocos/2900027256.html;2026-04-10T17:30:26.600227+00:00
2900027257;https://siagasweb.sgb.gov.br/layout/detalhe.php?ponto=2900027257;;;data/raw/html_pocos/2900027257.html;2026-04-10T17:30:27.033176+00:00
2900029120;https://siagasweb.sgb.gov.br/layout/detalhe.php?ponto=2900029120;;;data/raw/html_pocos/2900029120.html;2026-04-10T17:30:27.425245+00:00
2900029386;https://siagasweb.sgb.gov.br/layout/detalhe.php?ponto=2900029386;;;data/raw/html_pocos/2900029386.html;2026-04-10T17:30:27.817668+00:00
2900029387;https://siagasweb.sgb.gov.br/layout/detalhe.php?ponto=2900029387;;;data/raw/html_pocos/2900029387.html;2026-04-10T17:30:28.206155+00:00
2900029966;https://siagasweb.sgb.gov.br/layout/detalhe.php?ponto=2900029966;;;data/raw/html_pocos/2900029966.html;2026-04-10T17:30:28.593148+00:00
2900029967;https://siagasweb.sgb.gov.br/layout/detalhe.php?ponto=2900029967;;;data/raw/html_pocos/2900029967.html;2026-04-10T17:30:28.980384+00:00
2900029968;https://siagasweb.sgb.gov.br/layout/detalhe.php?ponto=2900029968;;;data/raw/html_pocos/2900029968.html;2026-04-10T17:30:29.369742+00:00
2900029969;https://siagasweb.sgb.gov.br/layout/detalhe.php?ponto=2900029969;;;data/raw/html_pocos/2900029969.html;2026-04-10T17:30:29.759985+00:00
2900029980;https://siagasweb.sgb.gov.br/layout/detalhe.php?ponto=2900029980;;;data/raw/html_pocos/2900029980.html;2026-04-10T17:30:30.148542+00:00
2900031623;https://siagasweb.sgb.gov.br/layout/detalhe.php?ponto=2900031623;;;data/raw/html_pocos/2900031623.html;2026-04-10T17:30:30.537770+00:00
2900031624;https://siagasweb.sgb.gov.br/layout/detalhe.php?ponto=2900031624;;;data/raw/html_pocos/2900031624.html;2026-04-10T17:30:30.927561+00:00
2900032242;https://siagasweb.sgb.gov.br/layout/detalhe.php?ponto=2900032242;;;data/raw/html_pocos/2900032242.html;2026-04-10T17:30:31.313089+00:00
2900032243;https://siagasweb.sgb.gov.br/layout/detalhe.php?ponto=2900032243;;;data/raw/html_pocos/2900032243.html;2026-04-10T17:30:31.702073+00:00
2900032244;https://siagasweb.sgb.gov.br/layout/detalhe.php?ponto=2900032244;;;data/raw/html_pocos/2900032244.html;2026-04-10T17:30:32.086979+00:00
2900000281;https://siagasweb.sgb.gov.br/layout/detalhe.php?ponto=2900000281;;;data/raw/html_pocos/2900000281.html;2026-04-10T17:30:32.779775+00:00
2900000505;https://siagasweb.sgb.gov.br/layout/detalhe.php?ponto=2900000505;;;data/raw/html_pocos/2900000505.html;2026-04-10T17:30:33.308724+00:00
2900005794;https://siagasweb.sgb.gov.br/layout/detalhe.php?ponto=2900005794;;;data/raw/html_pocos/2900005794.html;2026-04-10T17:30:33.704205+00:00
2900005893;https://siagasweb.sgb.gov.br/layout/detalhe.php?ponto=2900005893;;;data/raw/html_pocos/2900005893.html;2026-04-10T17:30:34.098329+00:00
2900005894;https://siagasweb.sgb.gov.br/layout/detalhe.php?ponto=2900005894;;;data/raw/html_pocos/2900005894.html;2026-04-10T17:30:34.496383+00:00
2900005895;https://siagasweb.sgb.gov.br/layout/detalhe.php?ponto=2900005895;;;data/raw/html_pocos/2900005895.html;2026-04-10T17:30:34.895192+00:00
2900005896;https://siagasweb.sgb.gov.br/layout/detalhe.php?ponto=2900005896;;;data/raw/html_pocos/2900005896.html;2026-04-10T17:30:35.295599+00:00
2900005897;https://siagasweb.sgb.gov.br/layout/detalhe.php?ponto=2900005897;;;data/raw/html_pocos/2900005897.html;2026-04-10T17:30:35.688209+00:00
2900005898;https://siagasweb.sgb.gov.br/layout/detalhe.php?ponto=2900005898;;;data/raw/html_pocos/2900005898.html;2026-04-10T17:30:36.089794+00:00
2900005899;https://siagasweb.sgb.gov.br/layout/detalhe.php?ponto=2900005899;;;data/raw/html_pocos/2900005899.html;2026-04-10T17:30:36.487546+00:00
2900005900;https://siagasweb.sgb.gov.br/layout/detalhe.php?ponto=2900005900;;;data/raw/html_pocos/2900005900.html;2026-04-10T17:30:36.925513+00:00
2900005901;https://siagasweb.sgb.gov.br/layout/detalhe.php?ponto=2900005901;;;data/raw/html_pocos/2900005901.html;2026-04-10T17:30:37.319723+00:00
2900005902;https://siagasweb.sgb.gov.br/layout/detalhe.php?ponto=2900005902;;;data/raw/html_pocos/2900005902.html;2026-04-10T17:30:37.718924+00:00
2900005903;https://siagasweb.sgb.gov.br/layout/detalhe.php?ponto=2900005903;;;data/raw/html_pocos/2900005903.html;2026-04-10T17:30:38.118401+00:00
2900005904;https://siagasweb.sgb.gov.br/layout/detalhe.php?ponto=2900005904;;;data/raw/html_pocos/2900005904.html;2026-04-10T17:30:38.516951+00:00
2900005905;https://siagasweb.sgb.gov.br/layout/detalhe.php?ponto=2900005905;;;data/raw/html_pocos/2900005905.html;2026-04-10T17:30:38.912556+00:00
2900005906;https://siagasweb.sgb.gov.br/layout/detalhe.php?ponto=2900005906;;;data/raw/html_pocos/2900005906.html;2026-04-10T17:30:39.314030+00:00
2900005907;https://siagasweb.sgb.gov.br/layout/detalhe.php?ponto=2900005907;;;data/raw/html_pocos/2900005907.html;2026-04-10T17:30:39.712607+00:00
2900005908;https://siagasweb.sgb.gov.br/layout/detalhe.php?ponto=2900005908;;;data/raw/html_pocos/2900005908.html;2026-04-10T17:30:40.109365+00:00
2900005909;https://siagasweb.sgb.gov.br/layout/detalhe.php?ponto=2900005909;;;data/raw/html_pocos/2900005909.html;2026-04-10T17:30:40.508207+00:00
2900005910;https://siagasweb.sgb.gov.br/layout/detalhe.php?ponto=2900005910;;;data/raw/html_pocos/2900005910.html;2026-04-10T17:30:40.913562+00:00
2900005911;https://siagasweb.sgb.gov.br/layout/detalhe.php?ponto=2900005911;;;data/raw/html_pocos/2900005911.html;2026-04-10T17:30:41.311649+00:00
2900005913;https://siagasweb.sgb.gov.br/layout/detalhe.php?ponto=2900005913;;;data/raw/html_pocos/2900005913.html;2026-04-10T17:30:41.711498+00:00
2900005972;https://siagasweb.sgb.gov.br/layout/detalhe.php?ponto=2900005972;;;data/raw/html_pocos/2900005972.html;2026-04-10T17:30:42.112754+00:00
2900005973;https://siagasweb.sgb.gov.br/layout/detalhe.php?ponto=2900005973;;;data/raw/html_pocos/2900005973.html;2026-04-10T17:30:42.511170+00:00
2900006027;https://siagasweb.sgb.gov.br/layout/detalhe.php?ponto=2900006027;;;data/raw/html_pocos/2900006027.html;2026-04-10T17:30:42.906721+00:00
2900006028;https://siagasweb.sgb.gov.br/layout/detalhe.php?ponto=2900006028;;;data/raw/html_pocos/2900006028.html;2026-04-10T17:30:43.305469+00:00
2900006029;https://siagasweb.sgb.gov.br/layout/detalhe.php?ponto=2900006029;;;data/raw/html_pocos/2900006029.html;2026-04-10T17:30:43.705989+00:00
2900006030;https://siagasweb.sgb.gov.br/layout/detalhe.php?ponto=2900006030;;;data/raw/html_pocos/2900006030.html;2026-04-10T17:30:44.104854+00:00
2900006031;https://siagasweb.sgb.gov.br/layout/detalhe.php?ponto=2900006031;;;data/raw/html_pocos/2900006031.html;2026-04-10T17:30:44.505017+00:00
2900006032;https://siagasweb.sgb.gov.br/layout/detalhe.php?ponto=2900006032;;;data/raw/html_pocos/2900006032.html;2026-04-10T17:30:44.905097+00:00
2900006033;https://siagasweb.sgb.gov.br/layout/detalhe.php?ponto=2900006033;;;data/raw/html_pocos/2900006033.html;2026-04-10T17:30:45.337669+00:00
2900006881;https://siagasweb.sgb.gov.br/layout/detalhe.php?ponto=2900006881;;;data/raw/html_pocos/2900006881.html;2026-04-10T17:30:45.729809+00:00
2900007148;https://siagasweb.sgb.gov.br/layout/detalhe.php?ponto=2900007148;;;data/raw/html_pocos/2900007148.html;2026-04-10T17:30:46.125242+00:00
2900017252;https://siagasweb.sgb.gov.br/layout/detalhe.php?ponto=2900017252;;;data/raw/html_pocos/2900017252.html;2026-04-10T17:30:46.527688+00:00
2900017253;https://siagasweb.sgb.gov.br/layout/detalhe.php?ponto=2900017253;;;data/raw/html_pocos/2900017253.html;2026-04-10T17:30:46.926176+00:00
2900022355;https://siagasweb.sgb.gov.br/layout/detalhe.php?ponto=2900022355;;;data/raw/html_pocos/2900022355.html;2026-04-10T17:30:47.320847+00:00
2900023660;https://siagasweb.sgb.gov.br/layout/detalhe.php?ponto=2900023660;;;data/raw/html_pocos/2900023660.html;2026-04-10T17:30:47.727771+00:00
2900024174;https://siagasweb.sgb.gov.br/layout/detalhe.php?ponto=2900024174;;;data/raw/html_pocos/2900024174.html;2026-04-10T17:30:48.130309+00:00
2900024306;https://siagasweb.sgb.gov.br/layout/detalhe.php?ponto=2900024306;;;data/raw/html_pocos/2900024306.html;2026-04-10T17:30:48.531386+00:00
2900024308;https://siagasweb.sgb.gov.br/layout/detalhe.php?ponto=2900024308;;;data/raw/html_pocos/2900024308.html;2026-04-10T17:30:48.930025+00:00
2900024596;https://siagasweb.sgb.gov.br/layout/detalhe.php?ponto=2900024596;;;data/raw/html_pocos/2900024596.html;2026-04-10T17:30:49.326682+00:00
2900024602;https://siagasweb.sgb.gov.br/layout/detalhe.php?ponto=2900024602;;;data/raw/html_pocos/2900024602.html;2026-04-10T17:30:49.738510+00:00
2900024604;https://siagasweb.sgb.gov.br/layout/detalhe.php?ponto=2900024604;;;data/raw/html_pocos/2900024604.html;2026-04-10T17:30:50.142662+00:00
2900024703;https://siagasweb.sgb.gov.br/layout/detalhe.php?ponto=2900024703;;;data/raw/html_pocos/2900024703.html;2026-04-10T17:30:50.545516+00:00
2900027273;https://siagasweb.sgb.gov.br/layout/detalhe.php?ponto=2900027273;;;data/raw/html_pocos/2900027273.html;2026-04-10T17:30:50.936496+00:00
2900029352;https://siagasweb.sgb.gov.br/layout/detalhe.php?ponto=2900029352;;;data/raw/html_pocos/2900029352.html;2026-04-10T17:30:51.327378+00:00
2900029403;https://siagasweb.sgb.gov.br/layout/detalhe.php?ponto=2900029403;;;data/raw/html_pocos/2900029403.html;2026-04-10T17:30:51.720351+00:00
2900029404;https://siagasweb.sgb.gov.br/layout/detalhe.php?ponto=2900029404;;;data/raw/html_pocos/2900029404.html;2026-04-10T17:30:52.110463+00:00
2900030158;https://siagasweb.sgb.gov.br/layout/detalhe.php?ponto=2900030158;;;data/raw/html_pocos/2900030158.html;2026-04-10T17:30:52.500584+00:00
2900030159;https://siagasweb.sgb.gov.br/layout/detalhe.php?ponto=2900030159;;;data/raw/html_pocos/2900030159.html;2026-04-10T17:30:52.890621+00:00
2900030391;https://siagasweb.sgb.gov.br/layout/detalhe.php?ponto=2900030391;;;data/raw/html_pocos/2900030391.html;2026-04-10T17:30:53.278085+00:00
2900031262;https://siagasweb.sgb.gov.br/layout/detalhe.php?ponto=2900031262;;;data/raw/html_pocos/2900031262.html;2026-04-10T17:30:53.674889+00:00
2900031263;https://siagasweb.sgb.gov.br/layout/detalhe.php?ponto=2900031263;;;data/raw/html_pocos/2900031263.html;2026-04-10T17:30:54.063537+00:00
2900031264;https://siagasweb.sgb.gov.br/layout/detalhe.php?ponto=2900031264;;;data/raw/html_pocos/2900031264.html;2026-04-10T17:30:54.508029+00:00
2900031265;https://siagasweb.sgb.gov.br/layout/detalhe.php?ponto=2900031265;;;data/raw/html_pocos/2900031265.html;2026-04-10T17:30:54.901407+00:00
2900031266;https://siagasweb.sgb.gov.br/layout/detalhe.php?ponto=2900031266;;;data/raw/html_pocos/2900031266.html;2026-04-10T17:30:55.299443+00:00
2900031267;https://siagasweb.sgb.gov.br/layout/detalhe.php?ponto=2900031267;;;data/raw/html_pocos/2900031267.html;2026-04-10T17:30:55.690435+00:00
2900032297;https://siagasweb.sgb.gov.br/layout/detalhe.php?ponto=2900032297;;;data/raw/html_pocos/2900032297.html;2026-04-10T17:30:56.087356+00:00
2900000276;https://siagasweb.sgb.gov.br/layout/detalhe.php?ponto=2900000276;;;data/raw/html_pocos/2900000276.html;2026-04-10T17:30:56.481675+00:00
2900000282;https://siagasweb.sgb.gov.br/layout/detalhe.php?ponto=2900000282;;;data/raw/html_pocos/2900000282.html;2026-04-10T17:30:56.879730+00:00
2900000283;https://siagasweb.sgb.gov.br/layout/detalhe.php?ponto=2900000283;;;data/raw/html_pocos/2900000283.html;2026-04-10T17:30:57.288247+00:00
2900000285;https://siagasweb.sgb.gov.br/layout/detalhe.php?ponto=2900000285;;;data/raw/html_pocos/2900000285.html;2026-04-10T17:30:57.689307+00:00
2900006792;https://siagasweb.sgb.gov.br/layout/detalhe.php?ponto=2900006792;;;data/raw/html_pocos/2900006792.html;2026-04-10T17:30:58.085916+00:00
2900006793;https://siagasweb.sgb.gov.br/layout/detalhe.php?ponto=2900006793;;;data/raw/html_pocos/2900006793.html;2026-04-10T17:30:58.480906+00:00
2900006829;https://siagasweb.sgb.gov.br/layout/detalhe.php?ponto=2900006829;;;data/raw/html_pocos/2900006829.html;2026-04-10T17:30:58.871630+00:00
2900006831;https://siagasweb.sgb.gov.br/layout/detalhe.php?ponto=2900006831;;;data/raw/html_pocos/2900006831.html;2026-04-10T17:30:59.268264+00:00
2900008030;https://siagasweb.sgb.gov.br/layout/detalhe.php?ponto=2900008030;;;data/raw/html_pocos/2900008030.html;2026-04-10T17:30:59.669501+00:00
2900008031;https://siagasweb.sgb.gov.br/layout/detalhe.php?ponto=2900008031;;;data/raw/html_pocos/2900008031.html;2026-04-10T17:31:00.066414+00:00
2900008032;https://siagasweb.sgb.gov.br/layout/detalhe.php?ponto=2900008032;;;data/raw/html_pocos/2900008032.html;2026-04-10T17:31:00.467911+00:00
2900008033;https://siagasweb.sgb.gov.br/layout/detalhe.php?ponto=2900008033;;;data/raw/html_pocos/2900008033.html;2026-04-10T17:31:00.868814+00:00
2900008034;https://siagasweb.sgb.gov.br/layout/detalhe.php?ponto=2900008034;;;data/raw/html_pocos/2900008034.html;2026-04-10T17:31:01.270174+00:00
2900008035;https://siagasweb.sgb.gov.br/layout/detalhe.php?ponto=2900008035;;;data/raw/html_pocos/2900008035.html;2026-04-10T17:31:01.676233+00:00
2900008036;https://siagasweb.sgb.gov.br/layout/detalhe.php?ponto=2900008036;;;data/raw/html_pocos/2900008036.html;2026-04-10T17:31:02.082795+00:00
2900008037;https://siagasweb.sgb.gov.br/layout/detalhe.php?ponto=2900008037;;;data/raw/html_pocos/2900008037.html;2026-04-10T17:31:02.485762+00:00
2900008038;https://siagasweb.sgb.gov.br/layout/detalhe.php?ponto=2900008038;;;data/raw/html_pocos/2900008038.html;2026-04-10T17:31:02.878824+00:00
2900008039;https://siagasweb.sgb.gov.br/layout/detalhe.php?ponto=2900008039;;;data/raw/html_pocos/2900008039.html;2026-04-10T17:31:03.277802+00:00
2900008040;https://siagasweb.sgb.gov.br/layout/detalhe.php?ponto=2900008040;;;data/raw/html_pocos/2900008040.html;2026-04-10T17:31:03.717261+00:00
2900008041;https://siagasweb.sgb.gov.br/layout/detalhe.php?ponto=2900008041;;;data/raw/html_pocos/2900008041.html;2026-04-10T17:31:04.116142+00:00
2900008042;https://siagasweb.sgb.gov.br/layout/detalhe.php?ponto=2900008042;;;data/raw/html_pocos/2900008042.html;2026-04-10T17:31:04.514904+00:00
2900008043;https://siagasweb.sgb.gov.br/layout/detalhe.php?ponto=2900008043;;;data/raw/html_pocos/2900008043.html;2026-04-10T17:31:04.917264+00:00
2900008044;https://siagasweb.sgb.gov.br/layout/detalhe.php?ponto=2900008044;;;data/raw/html_pocos/2900008044.html;2026-04-10T17:31:05.315254+00:00
2900008045;https://siagasweb.sgb.gov.br/layout/detalhe.php?ponto=2900008045;;;data/raw/html_pocos/2900008045.html;2026-04-10T17:31:05.714158+00:00
2900008046;https://siagasweb.sgb.gov.br/layout/detalhe.php?ponto=2900008046;;;data/raw/html_pocos/2900008046.html;2026-04-10T17:31:06.119302+00:00
2900008047;https://siagasweb.sgb.gov.br/layout/detalhe.php?ponto=2900008047;;;data/raw/html_pocos/2900008047.html;2026-04-10T17:31:06.519062+00:00
2900008048;https://siagasweb.sgb.gov.br/layout/detalhe.php?ponto=2900008048;;;data/raw/html_pocos/2900008048.html;2026-04-10T17:31:06.916540+00:00
2900008049;https://siagasweb.sgb.gov.br/layout/detalhe.php?ponto=2900008049;;;data/raw/html_pocos/2900008049.html;2026-04-10T17:31:07.326871+00:00
2900008050;https://siagasweb.sgb.gov.br/layout/detalhe.php?ponto=2900008050;;;data/raw/html_pocos/2900008050.html;2026-04-10T17:31:07.727581+00:00
2900008051;https://siagasweb.sgb.gov.br/layout/detalhe.php?ponto=2900008051;;;data/raw/html_pocos/2900008051.html;2026-04-10T17:31:08.128868+00:00
2900008052;https://siagasweb.sgb.gov.br/layout/detalhe.php?ponto=2900008052;;;data/raw/html_pocos/2900008052.html;2026-04-10T17:31:08.529859+00:00
2900008053;https://siagasweb.sgb.gov.br/layout/detalhe.php?ponto=2900008053;;;data/raw/html_pocos/2900008053.html;2026-04-10T17:31:08.928662+00:00
2900008054;https://siagasweb.sgb.gov.br/layout/detalhe.php?ponto=2900008054;;;data/raw/html_pocos/2900008054.html;2026-04-10T17:31:09.333387+00:00
2900008055;https://siagasweb.sgb.gov.br/layout/detalhe.php?ponto=2900008055;;;data/raw/html_pocos/2900008055.html;2026-04-10T17:31:09.734886+00:00
2900008056;https://siagasweb.sgb.gov.br/layout/detalhe.php?ponto=2900008056;;;data/raw/html_pocos/2900008056.html;2026-04-10T17:31:10.140112+00:00
2900008057;https://siagasweb.sgb.gov.br/layout/detalhe.php?ponto=2900008057;;;data/raw/html_pocos/2900008057.html;2026-04-10T17:31:10.540931+00:00
2900008058;https://siagasweb.sgb.gov.br/layout/detalhe.php?ponto=2900008058;;;data/raw/html_pocos/2900008058.html;2026-04-10T17:31:10.939935+00:00
2900008059;https://siagasweb.sgb.gov.br/layout/detalhe.php?ponto=2900008059;;;data/raw/html_pocos/2900008059.html;2026-04-10T17:31:11.338577+00:00
2900008060;https://siagasweb.sgb.gov.br/layout/detalhe.php?ponto=2900008060;;;data/raw/html_pocos/2900008060.html;2026-04-10T17:31:11.733294+00:00
2900008061;https://siagasweb.sgb.gov.br/layout/detalhe.php?ponto=2900008061;;;data/raw/html_pocos/2900008061.html;2026-04-10T17:31:12.175186+00:00
2900008063;https://siagasweb.sgb.gov.br/layout/detalhe.php?ponto=2900008063;;;data/raw/html_pocos/2900008063.html;2026-04-10T17:31:12.573214+00:00
2900022478;https://siagasweb.sgb.gov.br/layout/detalhe.php?ponto=2900022478;;;data/raw/html_pocos/2900022478.html;2026-04-10T17:31:12.976040+00:00
2900022491;https://siagasweb.sgb.gov.br/layout/detalhe.php?ponto=2900022491;;;data/raw/html_pocos/2900022491.html;2026-04-10T17:31:13.384025+00:00
2900023686;https://siagasweb.sgb.gov.br/layout/detalhe.php?ponto=2900023686;;;data/raw/html_pocos/2900023686.html;2026-04-10T17:31:13.781630+00:00
2900023904;https://siagasweb.sgb.gov.br/layout/detalhe.php?ponto=2900023904;;;data/raw/html_pocos/2900023904.html;2026-04-10T17:31:14.187019+00:00
2900024040;https://siagasweb.sgb.gov.br/layout/detalhe.php?ponto=2900024040;;;data/raw/html_pocos/2900024040.html;2026-04-10T17:31:14.590059+00:00
2900024041;https://siagasweb.sgb.gov.br/layout/detalhe.php?ponto=2900024041;;;data/raw/html_pocos/2900024041.html;2026-04-10T17:31:14.990820+00:00
2900024061;https://siagasweb.sgb.gov.br/layout/detalhe.php?ponto=2900024061;;;data/raw/html_pocos/2900024061.html;2026-04-10T17:31:15.389257+00:00
2900024175;https://siagasweb.sgb.gov.br/layout/detalhe.php?ponto=2900024175;;;data/raw/html_pocos/2900024175.html;2026-04-10T17:31:15.787671+00:00
2900024176;https://siagasweb.sgb.gov.br/layout/detalhe.php?ponto=2900024176;;;data/raw/html_pocos/2900024176.html;2026-04-10T17:31:16.188939+00:00
2900024177;https://siagasweb.sgb.gov.br/layout/detalhe.php?ponto=2900024177;;;data/raw/html_pocos/2900024177.html;2026-04-10T17:31:16.594777+00:00
2900024184;https://siagasweb.sgb.gov.br/layout/detalhe.php?ponto=2900024184;;;data/raw/html_pocos/2900024184.html;2026-04-10T17:31:16.993784+00:00
2900024993;https://siagasweb.sgb.gov.br/layout/detalhe.php?ponto=2900024993;;;data/raw/html_pocos/2900024993.html;2026-04-10T17:31:17.394033+00:00
2900024994;https://siagasweb.sgb.gov.br/layout/detalhe.php?ponto=2900024994;;;data/raw/html_pocos/2900024994.html;2026-04-10T17:31:17.794567+00:00
2900029093;https://siagasweb.sgb.gov.br/layout/detalhe.php?ponto=2900029093;;;data/raw/html_pocos/2900029093.html;2026-04-10T17:31:18.182877+00:00
2900029094;https://siagasweb.sgb.gov.br/layout/detalhe.php?ponto=2900029094;;;data/raw/html_pocos/2900029094.html;2026-04-10T17:31:18.573345+00:00
2900029362;https://siagasweb.sgb.gov.br/layout/detalhe.php?ponto=2900029362;;;data/raw/html_pocos/2900029362.html;2026-04-10T17:31:18.962124+00:00
2900030451;https://siagasweb.sgb.gov.br/layout/detalhe.php?ponto=2900030451;;;data/raw/html_pocos/2900030451.html;2026-04-10T17:31:19.349152+00:00
2900030471;https://siagasweb.sgb.gov.br/layout/detalhe.php?ponto=2900030471;;;data/raw/html_pocos/2900030471.html;2026-04-10T17:31:19.744245+00:00
2900031413;https://siagasweb.sgb.gov.br/layout/detalhe.php?ponto=2900031413;;;data/raw/html_pocos/2900031413.html;2026-04-10T17:31:20.139889+00:00
2900033301;https://siagasweb.sgb.gov.br/layout/detalhe.php?ponto=2900033301;;;data/raw/html_pocos/2900033301.html;2026-04-10T17:31:20.529660+00:00
